,STATE,Candidate_Name,Candidate_Votes,Apportionment_pop,Num_Reps_Capped,State_Vote_Total,CapEC_NE_VotePop,CapEC_NE_CanVotes,CapEC_NE_CanRemainder,CapEC_Full_VotePop,CapEC_Full_CanVotes,CapEC_Full_CanRemainder,Num_Reps_Uncapped,UnCapEC_NE_VotePop,UnCapEC_NE_CanVotes,UnCapEC_NE_CanRemainder,UnCapEC_Full_VotePop,UnCapEC_Full_CanVotes,UnCapEC_Full_CanRemainder
0,Alabama,McCain; John,1266546,4461130.0,7.0,2099819,299975.0,4.0,66646.0,233314.0,5.0,99976.0,148.0,14188.0,89.0,3814.0,13999.0,90.0,6636.0
1,Alabama,Obama; Barack,813479,4461130.0,7.0,2099819,299975.0,2.0,213529.0,233314.0,3.0,113537.0,148.0,14188.0,57.0,4763.0,13999.0,58.0,1537.0
2,Alabama,Nader; Ralph,6788,4461130.0,7.0,2099819,299975.0,0.0,6788.0,233314.0,0.0,6788.0,148.0,14188.0,0.0,6788.0,13999.0,0.0,6788.0
3,Alabama,Barr; Bob,4991,4461130.0,7.0,2099819,299975.0,0.0,4991.0,233314.0,0.0,4991.0,148.0,14188.0,0.0,4991.0,13999.0,0.0,4991.0
4,Alabama,Baldwin; Chuck,4310,4461130.0,7.0,2099819,299975.0,0.0,4310.0,233314.0,0.0,4310.0,148.0,14188.0,0.0,4310.0,13999.0,0.0,4310.0
5,Alabama,Scattered,3705,4461130.0,7.0,2099819,299975.0,0.0,3705.0,233314.0,0.0,3705.0,148.0,14188.0,0.0,3705.0,13999.0,0.0,3705.0
6,Alaska,McCain; John,193841,628933.0,1.0,326197,326197.0,0.0,193841.0,108733.0,1.0,85108.0,20.0,16310.0,11.0,14431.0,14828.0,13.0,1077.0
7,Alaska,Obama; Barack,123594,628933.0,1.0,326197,326197.0,0.0,123594.0,108733.0,1.0,14861.0,20.0,16310.0,7.0,9424.0,14828.0,8.0,4970.0
8,Alaska,Nader; Ralph,3783,628933.0,1.0,326197,326197.0,0.0,3783.0,108733.0,0.0,3783.0,20.0,16310.0,0.0,3783.0,14828.0,0.0,3783.0
9,Alaska,Scattered,1730,628933.0,1.0,326197,326197.0,0.0,1730.0,108733.0,0.0,1730.0,20.0,16310.0,0.0,1730.0,14828.0,0.0,1730.0
10,Alaska,Baldwin; Chuck,1660,628933.0,1.0,326197,326197.0,0.0,1660.0,108733.0,0.0,1660.0,20.0,16310.0,0.0,1660.0,14828.0,0.0,1660.0
11,Alaska,Barr; Bob,1589,628933.0,1.0,326197,326197.0,0.0,1589.0,108733.0,0.0,1589.0,20.0,16310.0,0.0,1589.0,14828.0,0.0,1589.0
12,Arizona,McCain; John,1230111,5140683.0,8.0,2293475,286685.0,4.0,83371.0,229348.0,5.0,83371.0,171.0,13413.0,91.0,9528.0,13258.0,92.0,10375.0
13,Arizona,Obama; Barack,1034707,5140683.0,8.0,2293475,286685.0,3.0,174652.0,229348.0,4.0,117315.0,171.0,13413.0,77.0,1906.0,13258.0,78.0,583.0
14,Arizona,Barr; Bob,12555,5140683.0,8.0,2293475,286685.0,0.0,12555.0,229348.0,0.0,12555.0,171.0,13413.0,0.0,12555.0,13258.0,0.0,12555.0
15,Arizona,Nader; Ralph,11301,5140683.0,8.0,2293475,286685.0,0.0,11301.0,229348.0,0.0,11301.0,171.0,13413.0,0.0,11301.0,13258.0,0.0,11301.0
16,Arizona,McKinney; Cynthia,3406,5140683.0,8.0,2293475,286685.0,0.0,3406.0,229348.0,0.0,3406.0,171.0,13413.0,0.0,3406.0,13258.0,0.0,3406.0
17,Arizona,Baldwin; Chuck,1371,5140683.0,8.0,2293475,286685.0,0.0,1371.0,229348.0,0.0,1371.0,171.0,13413.0,0.0,1371.0,13258.0,0.0,1371.0
18,Arizona,Jay; Charles,16,5140683.0,8.0,2293475,286685.0,0.0,16.0,229348.0,0.0,16.0,171.0,13413.0,0.0,16.0,13258.0,0.0,16.0
19,Arizona,Allen; Jonathan,8,5140683.0,8.0,2293475,286685.0,0.0,8.0,229348.0,0.0,8.0,171.0,13413.0,0.0,8.0,13258.0,0.0,8.0
20,Arkansas,McCain; John,638017,2679733.0,4.0,1086617,271655.0,2.0,94707.0,181103.0,3.0,94708.0,89.0,12210.0,52.0,3097.0,11941.0,53.0,5144.0
21,Arkansas,Obama; Barack,422310,2679733.0,4.0,1086617,271655.0,1.0,150655.0,181103.0,2.0,60104.0,89.0,12210.0,34.0,7170.0,11941.0,35.0,4375.0
22,Arkansas,Nader; Ralph,12882,2679733.0,4.0,1086617,271655.0,0.0,12882.0,181103.0,0.0,12882.0,89.0,12210.0,1.0,672.0,11941.0,1.0,941.0
23,Arkansas,Barr; Bob,4776,2679733.0,4.0,1086617,271655.0,0.0,4776.0,181103.0,0.0,4776.0,89.0,12210.0,0.0,4776.0,11941.0,0.0,4776.0
24,Arkansas,Baldwin; Chuck,4023,2679733.0,4.0,1086617,271655.0,0.0,4023.0,181103.0,0.0,4023.0,89.0,12210.0,0.0,4023.0,11941.0,0.0,4023.0
25,Arkansas,McKinney; Cynthia,3470,2679733.0,4.0,1086617,271655.0,0.0,3470.0,181103.0,0.0,3470.0,89.0,12210.0,0.0,3470.0,11941.0,0.0,3470.0
26,Arkansas,La Riva; Gloria,1139,2679733.0,4.0,1086617,271655.0,0.0,1139.0,181103.0,0.0,1139.0,89.0,12210.0,0.0,1139.0,11941.0,0.0,1139.0
27,California,Obama; Barack,8274473,33930798.0,53.0,13561900,255885.0,32.0,86153.0,246580.0,33.0,137333.0,1131.0,11992.0,689.0,11985.0,11970.0,691.0,3203.0
28,California,McCain; John,5011781,33930798.0,53.0,13561900,255885.0,19.0,149966.0,246580.0,20.0,80181.0,1131.0,11992.0,417.0,11117.0,11970.0,418.0,8321.0
29,California,Nader; Ralph,108381,33930798.0,53.0,13561900,255885.0,0.0,108381.0,246580.0,0.0,108381.0,1131.0,11992.0,9.0,453.0,11970.0,9.0,651.0
30,California,Barr; Bob,67582,33930798.0,53.0,13561900,255885.0,0.0,67582.0,246580.0,0.0,67582.0,1131.0,11992.0,5.0,7622.0,11970.0,5.0,7732.0
31,California,Keyes; Alan,40673,33930798.0,53.0,13561900,255885.0,0.0,40673.0,246580.0,0.0,40673.0,1131.0,11992.0,3.0,4697.0,11970.0,3.0,4763.0
32,California,McKinney; Cynthia,38774,33930798.0,53.0,13561900,255885.0,0.0,38774.0,246580.0,0.0,38774.0,1131.0,11992.0,3.0,2798.0,11970.0,3.0,2864.0
33,California,Paul; Ron,17006,33930798.0,53.0,13561900,255885.0,0.0,17006.0,246580.0,0.0,17006.0,1131.0,11992.0,1.0,5014.0,11970.0,1.0,5036.0
34,California,Baldwin; Chuck,3145,33930798.0,53.0,13561900,255885.0,0.0,3145.0,246580.0,0.0,3145.0,1131.0,11992.0,0.0,3145.0,11970.0,0.0,3145.0
35,California,Harris; James,49,33930798.0,53.0,13561900,255885.0,0.0,49.0,246580.0,0.0,49.0,1131.0,11992.0,0.0,49.0,11970.0,0.0,49.0
36,California,Moore; Frank,36,33930798.0,53.0,13561900,255885.0,0.0,36.0,246580.0,0.0,36.0,1131.0,11992.0,0.0,36.0,11970.0,0.0,36.0
37,Colorado,Obama; Barack,1288633,4311882.0,7.0,2401462,343066.0,3.0,259435.0,266830.0,4.0,221313.0,143.0,16794.0,76.0,12289.0,16562.0,77.0,13359.0
38,Colorado,McCain; John,1073629,4311882.0,7.0,2401462,343066.0,3.0,44431.0,266830.0,4.0,6309.0,143.0,16794.0,63.0,15607.0,16562.0,64.0,13661.0
39,Colorado,Nader; Ralph,13352,4311882.0,7.0,2401462,343066.0,0.0,13352.0,266830.0,0.0,13352.0,143.0,16794.0,0.0,13352.0,16562.0,0.0,13352.0
40,Colorado,Barr; Bob,10898,4311882.0,7.0,2401462,343066.0,0.0,10898.0,266830.0,0.0,10898.0,143.0,16794.0,0.0,10898.0,16562.0,0.0,10898.0
41,Colorado,Baldwin; Chuck,6233,4311882.0,7.0,2401462,343066.0,0.0,6233.0,266830.0,0.0,6233.0,143.0,16794.0,0.0,6233.0,16562.0,0.0,6233.0
42,Colorado,Keyes; Alan,3051,4311882.0,7.0,2401462,343066.0,0.0,3051.0,266830.0,0.0,3051.0,143.0,16794.0,0.0,3051.0,16562.0,0.0,3051.0
43,Colorado,McKinney; Cynthia,2822,4311882.0,7.0,2401462,343066.0,0.0,2822.0,266830.0,0.0,2822.0,143.0,16794.0,0.0,2822.0,16562.0,0.0,2822.0
44,Colorado,McEnulty; Frank Edward,829,4311882.0,7.0,2401462,343066.0,0.0,829.0,266830.0,0.0,829.0,143.0,16794.0,0.0,829.0,16562.0,0.0,829.0
45,Colorado,Jay; Charles,598,4311882.0,7.0,2401462,343066.0,0.0,598.0,266830.0,0.0,598.0,143.0,16794.0,0.0,598.0,16562.0,0.0,598.0
46,Colorado,Allen; Jonathan E.,348,4311882.0,7.0,2401462,343066.0,0.0,348.0,266830.0,0.0,348.0,143.0,16794.0,0.0,348.0,16562.0,0.0,348.0
47,Colorado,Stevens; Thomas Robert,336,4311882.0,7.0,2401462,343066.0,0.0,336.0,266830.0,0.0,336.0,143.0,16794.0,0.0,336.0,16562.0,0.0,336.0
48,Colorado,Moore; Brian,226,4311882.0,7.0,2401462,343066.0,0.0,226.0,266830.0,0.0,226.0,143.0,16794.0,0.0,226.0,16562.0,0.0,226.0
49,Colorado,La Riva; Gloria,158,4311882.0,7.0,2401462,343066.0,0.0,158.0,266830.0,0.0,158.0,143.0,16794.0,0.0,158.0,16562.0,0.0,158.0
50,Colorado,Harris; James,154,4311882.0,7.0,2401462,343066.0,0.0,154.0,266830.0,0.0,154.0,143.0,16794.0,0.0,154.0,16562.0,0.0,154.0
51,Colorado,Lyttle; Bradford,110,4311882.0,7.0,2401462,343066.0,0.0,110.0,266830.0,0.0,110.0,143.0,16794.0,0.0,110.0,16562.0,0.0,110.0
52,Colorado,Amondson; Gene C.,85,4311882.0,7.0,2401462,343066.0,0.0,85.0,266830.0,0.0,85.0,143.0,16794.0,0.0,85.0,16562.0,0.0,85.0
53,Connecticut,Obama; Barack,997772,3409535.0,5.0,1646797,329360.0,3.0,9692.0,235257.0,4.0,56744.0,113.0,14574.0,68.0,6740.0,14320.0,69.0,9692.0
54,Connecticut,McCain; John,629428,3409535.0,5.0,1646797,329360.0,1.0,300068.0,235257.0,2.0,158914.0,113.0,14574.0,43.0,2746.0,14320.0,43.0,13668.0
55,Connecticut,Nader; Ralph,19162,3409535.0,5.0,1646797,329360.0,0.0,19162.0,235257.0,0.0,19162.0,113.0,14574.0,1.0,4588.0,14320.0,1.0,4842.0
56,Connecticut,Baldwin; Chuck,311,3409535.0,5.0,1646797,329360.0,0.0,311.0,235257.0,0.0,311.0,113.0,14574.0,0.0,311.0,14320.0,0.0,311.0
57,Connecticut,McKinney; Cynthia,90,3409535.0,5.0,1646797,329360.0,0.0,90.0,235257.0,0.0,90.0,113.0,14574.0,0.0,90.0,14320.0,0.0,90.0
58,Connecticut,Moore; Brian,19,3409535.0,5.0,1646797,329360.0,0.0,19.0,235257.0,0.0,19.0,113.0,14574.0,0.0,19.0,14320.0,0.0,19.0
59,Connecticut,Calero; Roger,15,3409535.0,5.0,1646797,329360.0,0.0,15.0,235257.0,0.0,15.0,113.0,14574.0,0.0,15.0,14320.0,0.0,15.0
60,Delaware,Obama; Barack,255459,785068.0,1.0,412412,412412.0,0.0,255459.0,137471.0,1.0,117988.0,26.0,15862.0,16.0,1667.0,14729.0,17.0,5066.0
61,Delaware,McCain; John,152374,785068.0,1.0,412412,412412.0,0.0,152374.0,137471.0,1.0,14903.0,26.0,15862.0,9.0,9616.0,14729.0,10.0,5084.0
62,Delaware,Nader; Ralph,2401,785068.0,1.0,412412,412412.0,0.0,2401.0,137471.0,0.0,2401.0,26.0,15862.0,0.0,2401.0,14729.0,0.0,2401.0
63,Delaware,Barr; Bob,1109,785068.0,1.0,412412,412412.0,0.0,1109.0,137471.0,0.0,1109.0,26.0,15862.0,0.0,1109.0,14729.0,0.0,1109.0
64,Delaware,Baldwin; Chuck,626,785068.0,1.0,412412,412412.0,0.0,626.0,137471.0,0.0,626.0,26.0,15862.0,0.0,626.0,14729.0,0.0,626.0
65,Delaware,McKinney; Cynthia A.,385,785068.0,1.0,412412,412412.0,0.0,385.0,137471.0,0.0,385.0,26.0,15862.0,0.0,385.0,14729.0,0.0,385.0
66,Delaware,Calero; Roger,58,785068.0,1.0,412412,412412.0,0.0,58.0,137471.0,0.0,58.0,26.0,15862.0,0.0,58.0,14729.0,0.0,58.0
67,District of Columbia,Obama; Barack,245800,,1.0,265853,265853.0,0.0,245800.0,88618.0,2.0,68564.0,16.0,16616.0,14.0,13176.0,14770.0,16.0,9480.0
68,District of Columbia,McCain; John,17367,,1.0,265853,265853.0,0.0,17367.0,88618.0,0.0,17367.0,16.0,16616.0,1.0,751.0,14770.0,1.0,2597.0
69,District of Columbia,Scattered,1138,,1.0,265853,265853.0,0.0,1138.0,88618.0,0.0,1138.0,16.0,16616.0,0.0,1138.0,14770.0,0.0,1138.0
70,District of Columbia,Nader; Ralph,958,,1.0,265853,265853.0,0.0,958.0,88618.0,0.0,958.0,16.0,16616.0,0.0,958.0,14770.0,0.0,958.0
71,District of Columbia,McKinney; Cynthia,590,,1.0,265853,265853.0,0.0,590.0,88618.0,0.0,590.0,16.0,16616.0,0.0,590.0,14770.0,0.0,590.0
72,Florida,Obama; Barack,4282074,16028890.0,25.0,8390744,335630.0,12.0,254514.0,310769.0,13.0,242077.0,534.0,15714.0,272.0,7866.0,15655.0,273.0,8259.0
73,Florida,McCain; John,4045624,16028890.0,25.0,8390744,335630.0,12.0,18064.0,310769.0,13.0,5627.0,534.0,15714.0,257.0,7126.0,15655.0,258.0,6634.0
74,Florida,Nader; Ralph,28124,16028890.0,25.0,8390744,335630.0,0.0,28124.0,310769.0,0.0,28124.0,534.0,15714.0,1.0,12410.0,15655.0,1.0,12469.0
75,Florida,Barr; Bob,17218,16028890.0,25.0,8390744,335630.0,0.0,17218.0,310769.0,0.0,17218.0,534.0,15714.0,1.0,1504.0,15655.0,1.0,1563.0
76,Florida,Baldwin; Chuck,7915,16028890.0,25.0,8390744,335630.0,0.0,7915.0,310769.0,0.0,7915.0,534.0,15714.0,0.0,7915.0,15655.0,0.0,7915.0
77,Florida,McKinney; Cynthia,2887,16028890.0,25.0,8390744,335630.0,0.0,2887.0,310769.0,0.0,2887.0,534.0,15714.0,0.0,2887.0,15655.0,0.0,2887.0
78,Florida,Keyes; Alan,2550,16028890.0,25.0,8390744,335630.0,0.0,2550.0,310769.0,0.0,2550.0,534.0,15714.0,0.0,2550.0,15655.0,0.0,2550.0
79,Florida,La Riva; Gloria,1516,16028890.0,25.0,8390744,335630.0,0.0,1516.0,310769.0,0.0,1516.0,534.0,15714.0,0.0,1516.0,15655.0,0.0,1516.0
80,Florida,Jay; Charles,795,16028890.0,25.0,8390744,335630.0,0.0,795.0,310769.0,0.0,795.0,534.0,15714.0,0.0,795.0,15655.0,0.0,795.0
81,Florida,Harris; James,533,16028890.0,25.0,8390744,335630.0,0.0,533.0,310769.0,0.0,533.0,534.0,15714.0,0.0,533.0,15655.0,0.0,533.0
82,Florida,Stevens; Thomas Robert,419,16028890.0,25.0,8390744,335630.0,0.0,419.0,310769.0,0.0,419.0,534.0,15714.0,0.0,419.0,15655.0,0.0,419.0
83,Florida,Moore; Brian,405,16028890.0,25.0,8390744,335630.0,0.0,405.0,310769.0,0.0,405.0,534.0,15714.0,0.0,405.0,15655.0,0.0,405.0
84,Florida,Nettles; Gary,391,16028890.0,25.0,8390744,335630.0,0.0,391.0,310769.0,0.0,391.0,534.0,15714.0,0.0,391.0,15655.0,0.0,391.0
85,Florida,Amondson; Gene,293,16028890.0,25.0,8390744,335630.0,0.0,293.0,310769.0,0.0,293.0,534.0,15714.0,0.0,293.0,15655.0,0.0,293.0
86,Georgia,McCain; John,2048759,8206975.0,13.0,3924486,301884.0,6.0,237455.0,261633.0,7.0,217328.0,273.0,14376.0,142.0,7367.0,14271.0,143.0,8006.0
87,Georgia,Obama; Barack,1844123,8206975.0,13.0,3924486,301884.0,6.0,32819.0,261633.0,7.0,12692.0,273.0,14376.0,128.0,3995.0,14271.0,129.0,3164.0
88,Georgia,Barr; Bob,28731,8206975.0,13.0,3924486,301884.0,0.0,28731.0,261633.0,0.0,28731.0,273.0,14376.0,1.0,14355.0,14271.0,2.0,189.0
89,Georgia,Baldwin; Chuck,1402,8206975.0,13.0,3924486,301884.0,0.0,1402.0,261633.0,0.0,1402.0,273.0,14376.0,0.0,1402.0,14271.0,0.0,1402.0
90,Georgia,Nader; Ralph,1158,8206975.0,13.0,3924486,301884.0,0.0,1158.0,261633.0,0.0,1158.0,273.0,14376.0,0.0,1158.0,14271.0,0.0,1158.0
91,Georgia,McKinney; Cynthia,250,8206975.0,13.0,3924486,301884.0,0.0,250.0,261633.0,0.0,250.0,273.0,14376.0,0.0,250.0,14271.0,0.0,250.0
92,Georgia,Peroutka; Michael A.,23,8206975.0,13.0,3924486,301884.0,0.0,23.0,261633.0,0.0,23.0,273.0,14376.0,0.0,23.0,14271.0,0.0,23.0
93,Georgia,Harris; James,20,8206975.0,13.0,3924486,301884.0,0.0,20.0,261633.0,0.0,20.0,273.0,14376.0,0.0,20.0,14271.0,0.0,20.0
94,Georgia,Allen; Jonathan,8,8206975.0,13.0,3924486,301884.0,0.0,8.0,261633.0,0.0,8.0,273.0,14376.0,0.0,8.0,14271.0,0.0,8.0
95,Georgia,Moore; Frank,6,8206975.0,13.0,3924486,301884.0,0.0,6.0,261633.0,0.0,6.0,273.0,14376.0,0.0,6.0,14271.0,0.0,6.0
96,Georgia,Byrne; David C.,4,8206975.0,13.0,3924486,301884.0,0.0,4.0,261633.0,0.0,4.0,273.0,14376.0,0.0,4.0,14271.0,0.0,4.0
97,Georgia,Brown; Brian Russell,2,8206975.0,13.0,3924486,301884.0,0.0,2.0,261633.0,0.0,2.0,273.0,14376.0,0.0,2.0,14271.0,0.0,2.0
98,Hawaii,Obama; Barack,325871,1216642.0,2.0,453568,226784.0,1.0,99087.0,113392.0,2.0,99087.0,40.0,11340.0,28.0,8351.0,10800.0,30.0,1871.0
99,Hawaii,McCain; John,120566,1216642.0,2.0,453568,226784.0,0.0,120566.0,113392.0,1.0,7174.0,40.0,11340.0,10.0,7166.0,10800.0,11.0,1766.0
100,Hawaii,Nader; Ralph,3825,1216642.0,2.0,453568,226784.0,0.0,3825.0,113392.0,0.0,3825.0,40.0,11340.0,0.0,3825.0,10800.0,0.0,3825.0
101,Hawaii,Barr; Bob,1314,1216642.0,2.0,453568,226784.0,0.0,1314.0,113392.0,0.0,1314.0,40.0,11340.0,0.0,1314.0,10800.0,0.0,1314.0
102,Hawaii,Baldwin; Chuck,1013,1216642.0,2.0,453568,226784.0,0.0,1013.0,113392.0,0.0,1013.0,40.0,11340.0,0.0,1013.0,10800.0,0.0,1013.0
103,Hawaii,McKinney; Cynthia,979,1216642.0,2.0,453568,226784.0,0.0,979.0,113392.0,0.0,979.0,40.0,11340.0,0.0,979.0,10800.0,0.0,979.0
104,Idaho,McCain; John,403012,1297274.0,2.0,655122,327561.0,1.0,75451.0,163781.0,2.0,75450.0,43.0,15236.0,26.0,6876.0,14559.0,27.0,9919.0
105,Idaho,Obama; Barack,236440,1297274.0,2.0,655122,327561.0,0.0,236440.0,163781.0,1.0,72659.0,43.0,15236.0,15.0,7900.0,14559.0,16.0,3496.0
106,Idaho,Nader; Ralph,7175,1297274.0,2.0,655122,327561.0,0.0,7175.0,163781.0,0.0,7175.0,43.0,15236.0,0.0,7175.0,14559.0,0.0,7175.0
107,Idaho,Baldwin; Chuck,4747,1297274.0,2.0,655122,327561.0,0.0,4747.0,163781.0,0.0,4747.0,43.0,15236.0,0.0,4747.0,14559.0,0.0,4747.0
108,Idaho,Barr; Bob,3658,1297274.0,2.0,655122,327561.0,0.0,3658.0,163781.0,0.0,3658.0,43.0,15236.0,0.0,3658.0,14559.0,0.0,3658.0
109,Idaho,Keyes; Alan,40,1297274.0,2.0,655122,327561.0,0.0,40.0,163781.0,0.0,40.0,43.0,15236.0,0.0,40.0,14559.0,0.0,40.0
110,Idaho,McKinney; Cynthia,39,1297274.0,2.0,655122,327561.0,0.0,39.0,163781.0,0.0,39.0,43.0,15236.0,0.0,39.0,14559.0,0.0,39.0
111,Idaho,Claus; Santa,6,1297274.0,2.0,655122,327561.0,0.0,6.0,163781.0,0.0,6.0,43.0,15236.0,0.0,6.0,14559.0,0.0,6.0
112,Idaho,Moore; Brian,3,1297274.0,2.0,655122,327561.0,0.0,3.0,163781.0,0.0,3.0,43.0,15236.0,0.0,3.0,14559.0,0.0,3.0
113,Idaho,Bone; Lawson Mitchell,1,1297274.0,2.0,655122,327561.0,0.0,1.0,163781.0,0.0,1.0,43.0,15236.0,0.0,1.0,14559.0,0.0,1.0
114,Idaho,Reverend MerePeace-MsMere,1,1297274.0,2.0,655122,327561.0,0.0,1.0,163781.0,0.0,1.0,43.0,15236.0,0.0,1.0,14559.0,0.0,1.0
115,Illinois,Obama; Barack,3419348,12439042.0,19.0,5522371,290652.0,11.0,222176.0,262971.0,13.0,725.0,414.0,13340.0,256.0,4308.0,13275.0,257.0,7673.0
116,Illinois,McCain; John,2031179,12439042.0,19.0,5522371,290652.0,6.0,287267.0,262971.0,7.0,190382.0,414.0,13340.0,152.0,3499.0,13275.0,153.0,104.0
117,Illinois,Nader; Ralph,30948,12439042.0,19.0,5522371,290652.0,0.0,30948.0,262971.0,0.0,30948.0,414.0,13340.0,2.0,4268.0,13275.0,2.0,4398.0
118,Illinois,Barr; Bob,19642,12439042.0,19.0,5522371,290652.0,0.0,19642.0,262971.0,0.0,19642.0,414.0,13340.0,1.0,6302.0,13275.0,1.0,6367.0
119,Illinois,McKinney; Cynthia,11838,12439042.0,19.0,5522371,290652.0,0.0,11838.0,262971.0,0.0,11838.0,414.0,13340.0,0.0,11838.0,13275.0,0.0,11838.0
120,Illinois,Baldwin; Charles O.,8256,12439042.0,19.0,5522371,290652.0,0.0,8256.0,262971.0,0.0,8256.0,414.0,13340.0,0.0,8256.0,13275.0,0.0,8256.0
121,Illinois,Polachek; John Joseph,1149,12439042.0,19.0,5522371,290652.0,0.0,1149.0,262971.0,0.0,1149.0,414.0,13340.0,0.0,1149.0,13275.0,0.0,1149.0
122,Illinois,Hobbs; Ronald G.,4,12439042.0,19.0,5522371,290652.0,0.0,4.0,262971.0,0.0,4.0,414.0,13340.0,0.0,4.0,13275.0,0.0,4.0
123,Illinois,Allen; Donald K.,3,12439042.0,19.0,5522371,290652.0,0.0,3.0,262971.0,0.0,3.0,414.0,13340.0,0.0,3.0,13275.0,0.0,3.0
124,Illinois,Moore; Frank James,3,12439042.0,19.0,5522371,290652.0,0.0,3.0,262971.0,0.0,3.0,414.0,13340.0,0.0,3.0,13275.0,0.0,3.0
125,Illinois,Paul; Ron,1,12439042.0,19.0,5522371,290652.0,0.0,1.0,262971.0,0.0,1.0,414.0,13340.0,0.0,1.0,13275.0,0.0,1.0
126,Indiana,Obama; Barack,1374039,6090782.0,9.0,2751054,305673.0,4.0,151347.0,250096.0,5.0,123559.0,203.0,13552.0,101.0,5287.0,13420.0,102.0,5199.0
127,Indiana,McCain; John,1345648,6090782.0,9.0,2751054,305673.0,4.0,122956.0,250096.0,5.0,95168.0,203.0,13552.0,99.0,4000.0,13420.0,100.0,3648.0
128,Indiana,Barr; Bob,29257,6090782.0,9.0,2751054,305673.0,0.0,29257.0,250096.0,0.0,29257.0,203.0,13552.0,2.0,2153.0,13420.0,2.0,2417.0
129,Indiana,Baldwin; Chuck,1024,6090782.0,9.0,2751054,305673.0,0.0,1024.0,250096.0,0.0,1024.0,203.0,13552.0,0.0,1024.0,13420.0,0.0,1024.0
130,Indiana,Nader; Ralph,909,6090782.0,9.0,2751054,305673.0,0.0,909.0,250096.0,0.0,909.0,203.0,13552.0,0.0,909.0,13420.0,0.0,909.0
131,Indiana,McKinney; Cynthia,87,6090782.0,9.0,2751054,305673.0,0.0,87.0,250096.0,0.0,87.0,203.0,13552.0,0.0,87.0,13420.0,0.0,87.0
132,Indiana,Castle; Darrell L.,51,6090782.0,9.0,2751054,305673.0,0.0,51.0,250096.0,0.0,51.0,203.0,13552.0,0.0,51.0,13420.0,0.0,51.0
133,Indiana,Moore; Brian,14,6090782.0,9.0,2751054,305673.0,0.0,14.0,250096.0,0.0,14.0,203.0,13552.0,0.0,14.0,13420.0,0.0,14.0
134,Indiana,Faith; Michael L.,12,6090782.0,9.0,2751054,305673.0,0.0,12.0,250096.0,0.0,12.0,203.0,13552.0,0.0,12.0,13420.0,0.0,12.0
135,Indiana,Mottus; Kevin,9,6090782.0,9.0,2751054,305673.0,0.0,9.0,250096.0,0.0,9.0,203.0,13552.0,0.0,9.0,13420.0,0.0,9.0
136,Indiana,Bone; Lawson Mitchell,2,6090782.0,9.0,2751054,305673.0,0.0,2.0,250096.0,0.0,2.0,203.0,13552.0,0.0,2.0,13420.0,0.0,2.0
137,Indiana,"""Kujawski; """"Lou""""""",1,6090782.0,9.0,2751054,305673.0,0.0,1.0,250096.0,0.0,1.0,203.0,13552.0,0.0,1.0,13420.0,0.0,1.0
138,Indiana,Plemons; John Leroy,1,6090782.0,9.0,2751054,305673.0,0.0,1.0,250096.0,0.0,1.0,203.0,13552.0,0.0,1.0,13420.0,0.0,1.0
139,Iowa,Obama; Barack,828940,2931923.0,5.0,1537123,307425.0,2.0,214090.0,219589.0,3.0,170173.0,97.0,15847.0,52.0,4896.0,15527.0,53.0,6009.0
140,Iowa,McCain; John,682379,2931923.0,5.0,1537123,307425.0,2.0,67529.0,219589.0,3.0,23612.0,97.0,15847.0,43.0,958.0,15527.0,43.0,14718.0
141,Iowa,Nader; Ralph,8014,2931923.0,5.0,1537123,307425.0,0.0,8014.0,219589.0,0.0,8014.0,97.0,15847.0,0.0,8014.0,15527.0,0.0,8014.0
142,Iowa,Scattered,6737,2931923.0,5.0,1537123,307425.0,0.0,6737.0,219589.0,0.0,6737.0,97.0,15847.0,0.0,6737.0,15527.0,0.0,6737.0
143,Iowa,Barr; Bob,4590,2931923.0,5.0,1537123,307425.0,0.0,4590.0,219589.0,0.0,4590.0,97.0,15847.0,0.0,4590.0,15527.0,0.0,4590.0
144,Iowa,Baldwin; Chuck,4445,2931923.0,5.0,1537123,307425.0,0.0,4445.0,219589.0,0.0,4445.0,97.0,15847.0,0.0,4445.0,15527.0,0.0,4445.0
145,Iowa,McKinney; Cynthia,1423,2931923.0,5.0,1537123,307425.0,0.0,1423.0,219589.0,0.0,1423.0,97.0,15847.0,0.0,1423.0,15527.0,0.0,1423.0
146,Iowa,Harris; James,292,2931923.0,5.0,1537123,307425.0,0.0,292.0,219589.0,0.0,292.0,97.0,15847.0,0.0,292.0,15527.0,0.0,292.0
147,Iowa,Moore; Brian,182,2931923.0,5.0,1537123,307425.0,0.0,182.0,219589.0,0.0,182.0,97.0,15847.0,0.0,182.0,15527.0,0.0,182.0
148,Iowa,La Riva; Gloria,121,2931923.0,5.0,1537123,307425.0,0.0,121.0,219589.0,0.0,121.0,97.0,15847.0,0.0,121.0,15527.0,0.0,121.0
149,Kansas,McCain; John,699655,2693824.0,4.0,1235872,308968.0,2.0,81719.0,205979.0,3.0,81718.0,89.0,13887.0,50.0,5305.0,13582.0,51.0,6973.0
150,Kansas,Obama; Barack,514765,2693824.0,4.0,1235872,308968.0,1.0,205797.0,205979.0,2.0,102807.0,89.0,13887.0,37.0,946.0,13582.0,37.0,12231.0
151,Kansas,Nader; Ralph,10527,2693824.0,4.0,1235872,308968.0,0.0,10527.0,205979.0,0.0,10527.0,89.0,13887.0,0.0,10527.0,13582.0,0.0,10527.0
152,Kansas,Barr; Bob,6706,2693824.0,4.0,1235872,308968.0,0.0,6706.0,205979.0,0.0,6706.0,89.0,13887.0,0.0,6706.0,13582.0,0.0,6706.0
153,Kansas,Baldwin; Chuck,4148,2693824.0,4.0,1235872,308968.0,0.0,4148.0,205979.0,0.0,4148.0,89.0,13887.0,0.0,4148.0,13582.0,0.0,4148.0
154,Kansas,McKinney; Cynthia A.,35,2693824.0,4.0,1235872,308968.0,0.0,35.0,205979.0,0.0,35.0,89.0,13887.0,0.0,35.0,13582.0,0.0,35.0
155,Kansas,Keyes; Alan,31,2693824.0,4.0,1235872,308968.0,0.0,31.0,205979.0,0.0,31.0,89.0,13887.0,0.0,31.0,13582.0,0.0,31.0
156,Kansas,Allen; Jonathan E.,2,2693824.0,4.0,1235872,308968.0,0.0,2.0,205979.0,0.0,2.0,89.0,13887.0,0.0,2.0,13582.0,0.0,2.0
157,Kansas,Moore; Frank,2,2693824.0,4.0,1235872,308968.0,0.0,2.0,205979.0,0.0,2.0,89.0,13887.0,0.0,2.0,13582.0,0.0,2.0
158,Kansas,Judd; Keith Russell,1,2693824.0,4.0,1235872,308968.0,0.0,1.0,205979.0,0.0,1.0,89.0,13887.0,0.0,1.0,13582.0,0.0,1.0
159,Kentucky,McCain; John,1048462,4049431.0,6.0,1826620,304437.0,3.0,135151.0,228328.0,4.0,135150.0,134.0,13632.0,76.0,12430.0,13432.0,78.0,766.0
160,Kentucky,Obama; Barack,751985,4049431.0,6.0,1826620,304437.0,2.0,143111.0,228328.0,3.0,67001.0,134.0,13632.0,55.0,2225.0,13432.0,55.0,13225.0
161,Kentucky,Nader; Ralph,15378,4049431.0,6.0,1826620,304437.0,0.0,15378.0,228328.0,0.0,15378.0,134.0,13632.0,1.0,1746.0,13432.0,1.0,1946.0
162,Kentucky,Barr; Bob,5989,4049431.0,6.0,1826620,304437.0,0.0,5989.0,228328.0,0.0,5989.0,134.0,13632.0,0.0,5989.0,13432.0,0.0,5989.0
163,Kentucky,Baldwin; Chuck,4694,4049431.0,6.0,1826620,304437.0,0.0,4694.0,228328.0,0.0,4694.0,134.0,13632.0,0.0,4694.0,13432.0,0.0,4694.0
164,Kentucky,Habermehl; Leonard C.,57,4049431.0,6.0,1826620,304437.0,0.0,57.0,228328.0,0.0,57.0,134.0,13632.0,0.0,57.0,13432.0,0.0,57.0
165,Kentucky,Keyes; Alan,27,4049431.0,6.0,1826620,304437.0,0.0,27.0,228328.0,0.0,27.0,134.0,13632.0,0.0,27.0,13432.0,0.0,27.0
166,Kentucky,Mills; Billy,18,4049431.0,6.0,1826620,304437.0,0.0,18.0,228328.0,0.0,18.0,134.0,13632.0,0.0,18.0,13432.0,0.0,18.0
167,Kentucky,Moore; Brian,7,4049431.0,6.0,1826620,304437.0,0.0,7.0,228328.0,0.0,7.0,134.0,13632.0,0.0,7.0,13432.0,0.0,7.0
168,Kentucky,Allen; Jonathan,1,4049431.0,6.0,1826620,304437.0,0.0,1.0,228328.0,0.0,1.0,134.0,13632.0,0.0,1.0,13432.0,0.0,1.0
169,Kentucky,Judd; Keith Russell,1,4049431.0,6.0,1826620,304437.0,0.0,1.0,228328.0,0.0,1.0,134.0,13632.0,0.0,1.0,13432.0,0.0,1.0
170,Kentucky,Upchurch; Shelley Renée,1,4049431.0,6.0,1826620,304437.0,0.0,1.0,228328.0,0.0,1.0,134.0,13632.0,0.0,1.0,13432.0,0.0,1.0
171,Louisiana,McCain; John,1148275,4480271.0,7.0,1960761,280109.0,4.0,27839.0,217863.0,5.0,58960.0,149.0,13160.0,87.0,3355.0,12986.0,88.0,5507.0
172,Louisiana,Obama; Barack,782989,4480271.0,7.0,1960761,280109.0,2.0,222771.0,217863.0,3.0,129400.0,149.0,13160.0,59.0,6549.0,12986.0,60.0,3829.0
173,Louisiana,"""Paul; """"Ron""""""",9368,4480271.0,7.0,1960761,280109.0,0.0,9368.0,217863.0,0.0,9368.0,149.0,13160.0,0.0,9368.0,12986.0,0.0,9368.0
174,Louisiana,McKinney; Cynthia,9187,4480271.0,7.0,1960761,280109.0,0.0,9187.0,217863.0,0.0,9187.0,149.0,13160.0,0.0,9187.0,12986.0,0.0,9187.0
175,Louisiana,Nader; Ralph,6997,4480271.0,7.0,1960761,280109.0,0.0,6997.0,217863.0,0.0,6997.0,149.0,13160.0,0.0,6997.0,12986.0,0.0,6997.0
176,Louisiana,Baldwin; Chuck,2581,4480271.0,7.0,1960761,280109.0,0.0,2581.0,217863.0,0.0,2581.0,149.0,13160.0,0.0,2581.0,12986.0,0.0,2581.0
177,Louisiana,Harris; James,735,4480271.0,7.0,1960761,280109.0,0.0,735.0,217863.0,0.0,735.0,149.0,13160.0,0.0,735.0,12986.0,0.0,735.0
178,Louisiana,La Riva; Gloria,354,4480271.0,7.0,1960761,280109.0,0.0,354.0,217863.0,0.0,354.0,149.0,13160.0,0.0,354.0,12986.0,0.0,354.0
179,Louisiana,Amondson; Gene C.,275,4480271.0,7.0,1960761,280109.0,0.0,275.0,217863.0,0.0,275.0,149.0,13160.0,0.0,275.0,12986.0,0.0,275.0
180,Maine,Obama; Barack,421923,1277731.0,2.0,731163,365582.0,1.0,56341.0,182791.0,2.0,56341.0,42.0,17409.0,24.0,4107.0,16618.0,25.0,6473.0
181,Maine,McCain; John,295273,1277731.0,2.0,731163,365582.0,0.0,295273.0,182791.0,1.0,112482.0,42.0,17409.0,16.0,16729.0,16618.0,17.0,12767.0
182,Maine,Nader; Ralph,10636,1277731.0,2.0,731163,365582.0,0.0,10636.0,182791.0,0.0,10636.0,42.0,17409.0,0.0,10636.0,16618.0,0.0,10636.0
183,Maine,McKinney; Cynthia,2900,1277731.0,2.0,731163,365582.0,0.0,2900.0,182791.0,0.0,2900.0,42.0,17409.0,0.0,2900.0,16618.0,0.0,2900.0
184,Maine,Barr; Bob,251,1277731.0,2.0,731163,365582.0,0.0,251.0,182791.0,0.0,251.0,42.0,17409.0,0.0,251.0,16618.0,0.0,251.0
185,Maine,Baldwin; Chuck,177,1277731.0,2.0,731163,365582.0,0.0,177.0,182791.0,0.0,177.0,42.0,17409.0,0.0,177.0,16618.0,0.0,177.0
186,Maine,Allen; Jonathan,3,1277731.0,2.0,731163,365582.0,0.0,3.0,182791.0,0.0,3.0,42.0,17409.0,0.0,3.0,16618.0,0.0,3.0
187,Maryland,Obama; Barack,1629467,5307886.0,8.0,2631596,328950.0,4.0,313667.0,263160.0,6.0,50507.0,176.0,14953.0,108.0,14543.0,14785.0,110.0,3117.0
188,Maryland,McCain; John,959862,5307886.0,8.0,2631596,328950.0,2.0,301962.0,263160.0,3.0,170382.0,176.0,14953.0,64.0,2870.0,14785.0,64.0,13622.0
189,Maryland,Nader; Ralph,14713,5307886.0,8.0,2631596,328950.0,0.0,14713.0,263160.0,0.0,14713.0,176.0,14953.0,0.0,14713.0,14785.0,0.0,14713.0
190,Maryland,Barr; Bob,9842,5307886.0,8.0,2631596,328950.0,0.0,9842.0,263160.0,0.0,9842.0,176.0,14953.0,0.0,9842.0,14785.0,0.0,9842.0
191,Maryland,Scattered,9043,5307886.0,8.0,2631596,328950.0,0.0,9043.0,263160.0,0.0,9043.0,176.0,14953.0,0.0,9043.0,14785.0,0.0,9043.0
192,Maryland,McKinney; Cynthia,4747,5307886.0,8.0,2631596,328950.0,0.0,4747.0,263160.0,0.0,4747.0,176.0,14953.0,0.0,4747.0,14785.0,0.0,4747.0
193,Maryland,Baldwin; Chuck,3760,5307886.0,8.0,2631596,328950.0,0.0,3760.0,263160.0,0.0,3760.0,176.0,14953.0,0.0,3760.0,14785.0,0.0,3760.0
194,Maryland,Keyes; Alan,103,5307886.0,8.0,2631596,328950.0,0.0,103.0,263160.0,0.0,103.0,176.0,14953.0,0.0,103.0,14785.0,0.0,103.0
195,Maryland,Allen; Donald K.,17,5307886.0,8.0,2631596,328950.0,0.0,17.0,263160.0,0.0,17.0,176.0,14953.0,0.0,17.0,14785.0,0.0,17.0
196,Maryland,Taylor; Blaine,12,5307886.0,8.0,2631596,328950.0,0.0,12.0,263160.0,0.0,12.0,176.0,14953.0,0.0,12.0,14785.0,0.0,12.0
197,Maryland,Moore; Brian,10,5307886.0,8.0,2631596,328950.0,0.0,10.0,263160.0,0.0,10.0,176.0,14953.0,0.0,10.0,14785.0,0.0,10.0
198,Maryland,Schriner; Joe,8,5307886.0,8.0,2631596,328950.0,0.0,8.0,263160.0,0.0,8.0,176.0,14953.0,0.0,8.0,14785.0,0.0,8.0
199,Maryland,Starr; Lynne A.,4,5307886.0,8.0,2631596,328950.0,0.0,4.0,263160.0,0.0,4.0,176.0,14953.0,0.0,4.0,14785.0,0.0,4.0
200,Maryland,Heupel; RaeDeen R.,2,5307886.0,8.0,2631596,328950.0,0.0,2.0,263160.0,0.0,2.0,176.0,14953.0,0.0,2.0,14785.0,0.0,2.0
201,Maryland,Moore; Frank,2,5307886.0,8.0,2631596,328950.0,0.0,2.0,263160.0,0.0,2.0,176.0,14953.0,0.0,2.0,14785.0,0.0,2.0
202,Maryland,Aparicio; Jose M.,1,5307886.0,8.0,2631596,328950.0,0.0,1.0,263160.0,0.0,1.0,176.0,14953.0,0.0,1.0,14785.0,0.0,1.0
203,Maryland,Brown; Theodis (Ted); Sr.,1,5307886.0,8.0,2631596,328950.0,0.0,1.0,263160.0,0.0,1.0,176.0,14953.0,0.0,1.0,14785.0,0.0,1.0
204,Maryland,Hobbs; Ronald G.,1,5307886.0,8.0,2631596,328950.0,0.0,1.0,263160.0,0.0,1.0,176.0,14953.0,0.0,1.0,14785.0,0.0,1.0
205,Maryland,Jay; Charles,1,5307886.0,8.0,2631596,328950.0,0.0,1.0,263160.0,0.0,1.0,176.0,14953.0,0.0,1.0,14785.0,0.0,1.0
206,Massachusetts,Obama; Barack,1904097,6355568.0,10.0,3080985,308099.0,6.0,55503.0,256749.0,7.0,106854.0,211.0,14602.0,130.0,5837.0,14465.0,131.0,9182.0
207,Massachusetts,McCain; John,1108854,6355568.0,10.0,3080985,308099.0,3.0,184557.0,256749.0,4.0,81858.0,211.0,14602.0,75.0,13704.0,14465.0,76.0,9514.0
208,Massachusetts,Nader; Ralph,28841,6355568.0,10.0,3080985,308099.0,0.0,28841.0,256749.0,0.0,28841.0,211.0,14602.0,1.0,14239.0,14465.0,1.0,14376.0
209,Massachusetts,Scattered,14483,6355568.0,10.0,3080985,308099.0,0.0,14483.0,256749.0,0.0,14483.0,211.0,14602.0,0.0,14483.0,14465.0,1.0,18.0
210,Massachusetts,Barr; Bob,13189,6355568.0,10.0,3080985,308099.0,0.0,13189.0,256749.0,0.0,13189.0,211.0,14602.0,0.0,13189.0,14465.0,0.0,13189.0
211,Massachusetts,McKinney; Cynthia,6550,6355568.0,10.0,3080985,308099.0,0.0,6550.0,256749.0,0.0,6550.0,211.0,14602.0,0.0,6550.0,14465.0,0.0,6550.0
212,Massachusetts,Baldwin; Chuck,4971,6355568.0,10.0,3080985,308099.0,0.0,4971.0,256749.0,0.0,4971.0,211.0,14602.0,0.0,4971.0,14465.0,0.0,4971.0
213,Michigan,Obama; Barack,2872579,9955829.0,15.0,5001766,333452.0,8.0,204963.0,294222.0,9.0,224581.0,331.0,15112.0,190.0,1299.0,15021.0,191.0,3568.0
214,Michigan,McCain; John,2048639,9955829.0,15.0,5001766,333452.0,6.0,47927.0,294222.0,6.0,283307.0,331.0,15112.0,135.0,8519.0,15021.0,136.0,5783.0
215,Michigan,Nader; Ralph,33085,9955829.0,15.0,5001766,333452.0,0.0,33085.0,294222.0,0.0,33085.0,331.0,15112.0,2.0,2861.0,15021.0,2.0,3043.0
216,Michigan,Barr; Bob,23716,9955829.0,15.0,5001766,333452.0,0.0,23716.0,294222.0,0.0,23716.0,331.0,15112.0,1.0,8604.0,15021.0,1.0,8695.0
217,Michigan,Baldwin; Chuck,14685,9955829.0,15.0,5001766,333452.0,0.0,14685.0,294222.0,0.0,14685.0,331.0,15112.0,0.0,14685.0,15021.0,0.0,14685.0
218,Michigan,McKinney; Cynthia,8892,9955829.0,15.0,5001766,333452.0,0.0,8892.0,294222.0,0.0,8892.0,331.0,15112.0,0.0,8892.0,15021.0,0.0,8892.0
219,Michigan,Keyes; Alan,129,9955829.0,15.0,5001766,333452.0,0.0,129.0,294222.0,0.0,129.0,331.0,15112.0,0.0,129.0,15021.0,0.0,129.0
220,Michigan,Moore; Brian,41,9955829.0,15.0,5001766,333452.0,0.0,41.0,294222.0,0.0,41.0,331.0,15112.0,0.0,41.0,15021.0,0.0,41.0
221,Minnesota,Obama; Barack,1573354,4925670.0,8.0,2910369,363797.0,4.0,118166.0,291037.0,5.0,118169.0,164.0,17747.0,88.0,11618.0,17533.0,89.0,12917.0
222,Minnesota,McCain; John,1275409,4925670.0,8.0,2910369,363797.0,3.0,184018.0,291037.0,4.0,111261.0,164.0,17747.0,71.0,15372.0,17533.0,72.0,13033.0
223,Minnesota,Nader; Ralph,30152,4925670.0,8.0,2910369,363797.0,0.0,30152.0,291037.0,0.0,30152.0,164.0,17747.0,1.0,12405.0,17533.0,1.0,12619.0
224,Minnesota,Scattered,9496,4925670.0,8.0,2910369,363797.0,0.0,9496.0,291037.0,0.0,9496.0,164.0,17747.0,0.0,9496.0,17533.0,0.0,9496.0
225,Minnesota,Barr; Bob,9174,4925670.0,8.0,2910369,363797.0,0.0,9174.0,291037.0,0.0,9174.0,164.0,17747.0,0.0,9174.0,17533.0,0.0,9174.0
226,Minnesota,Baldwin; Chuck,6787,4925670.0,8.0,2910369,363797.0,0.0,6787.0,291037.0,0.0,6787.0,164.0,17747.0,0.0,6787.0,17533.0,0.0,6787.0
227,Minnesota,McKinney; Cynthia,5174,4925670.0,8.0,2910369,363797.0,0.0,5174.0,291037.0,0.0,5174.0,164.0,17747.0,0.0,5174.0,17533.0,0.0,5174.0
228,Minnesota,Calero; Róger,790,4925670.0,8.0,2910369,363797.0,0.0,790.0,291037.0,0.0,790.0,164.0,17747.0,0.0,790.0,17533.0,0.0,790.0
229,Minnesota,Keyes; Alan,22,4925670.0,8.0,2910369,363797.0,0.0,22.0,291037.0,0.0,22.0,164.0,17747.0,0.0,22.0,17533.0,0.0,22.0
230,Minnesota,Moore; Brian,7,4925670.0,8.0,2910369,363797.0,0.0,7.0,291037.0,0.0,7.0,164.0,17747.0,0.0,7.0,17533.0,0.0,7.0
231,Minnesota,Schriner; Joe,3,4925670.0,8.0,2910369,363797.0,0.0,3.0,291037.0,0.0,3.0,164.0,17747.0,0.0,3.0,17533.0,0.0,3.0
232,Minnesota,Montgomery; Curtis,1,4925670.0,8.0,2910369,363797.0,0.0,1.0,291037.0,0.0,1.0,164.0,17747.0,0.0,1.0,17533.0,0.0,1.0
233,Mississippi,McCain; John,724597,2852927.0,4.0,1289865,322467.0,2.0,79663.0,214978.0,3.0,79663.0,95.0,13578.0,53.0,4963.0,13298.0,54.0,6505.0
234,Mississippi,Obama; Barack,554662,2852927.0,4.0,1289865,322467.0,1.0,232195.0,214978.0,2.0,124706.0,95.0,13578.0,40.0,11542.0,13298.0,41.0,9444.0
235,Mississippi,Nader; Ralph,4011,2852927.0,4.0,1289865,322467.0,0.0,4011.0,214978.0,0.0,4011.0,95.0,13578.0,0.0,4011.0,13298.0,0.0,4011.0
236,Mississippi,Baldwin; Chuck,2551,2852927.0,4.0,1289865,322467.0,0.0,2551.0,214978.0,0.0,2551.0,95.0,13578.0,0.0,2551.0,13298.0,0.0,2551.0
237,Mississippi,Barr; Bob,2529,2852927.0,4.0,1289865,322467.0,0.0,2529.0,214978.0,0.0,2529.0,95.0,13578.0,0.0,2529.0,13298.0,0.0,2529.0
238,Mississippi,McKinney; Cynthia A.,1034,2852927.0,4.0,1289865,322467.0,0.0,1034.0,214978.0,0.0,1034.0,95.0,13578.0,0.0,1034.0,13298.0,0.0,1034.0
239,Mississippi,Weill; Ted C.,481,2852927.0,4.0,1289865,322467.0,0.0,481.0,214978.0,0.0,481.0,95.0,13578.0,0.0,481.0,13298.0,0.0,481.0
240,Missouri,McCain; John,1445814,5606260.0,9.0,2925205,325023.0,4.0,145722.0,265928.0,5.0,116174.0,186.0,15727.0,91.0,14657.0,15560.0,92.0,14294.0
241,Missouri,Obama; Barack,1441911,5606260.0,9.0,2925205,325023.0,4.0,141819.0,265928.0,5.0,112271.0,186.0,15727.0,91.0,10754.0,15560.0,92.0,10391.0
242,Missouri,Nader; Ralph,17813,5606260.0,9.0,2925205,325023.0,0.0,17813.0,265928.0,0.0,17813.0,186.0,15727.0,1.0,2086.0,15560.0,1.0,2253.0
243,Missouri,Barr; Bob,11386,5606260.0,9.0,2925205,325023.0,0.0,11386.0,265928.0,0.0,11386.0,186.0,15727.0,0.0,11386.0,15560.0,0.0,11386.0
244,Missouri,Baldwin; Chuck,8201,5606260.0,9.0,2925205,325023.0,0.0,8201.0,265928.0,0.0,8201.0,186.0,15727.0,0.0,8201.0,15560.0,0.0,8201.0
245,Missouri,McKinney; Cynthia,80,5606260.0,9.0,2925205,325023.0,0.0,80.0,265928.0,0.0,80.0,186.0,15727.0,0.0,80.0,15560.0,0.0,80.0
246,Montana,McCain; John,242763,905316.0,1.0,490302,490302.0,0.0,242763.0,163434.0,1.0,79329.0,30.0,16344.0,14.0,13947.0,15322.0,15.0,12933.0
247,Montana,Obama; Barack,231667,905316.0,1.0,490302,490302.0,0.0,231667.0,163434.0,1.0,68233.0,30.0,16344.0,14.0,2851.0,15322.0,15.0,1837.0
248,Montana,Paul; Ron,10638,905316.0,1.0,490302,490302.0,0.0,10638.0,163434.0,0.0,10638.0,30.0,16344.0,0.0,10638.0,15322.0,0.0,10638.0
249,Montana,Nader; Ralph,3686,905316.0,1.0,490302,490302.0,0.0,3686.0,163434.0,0.0,3686.0,30.0,16344.0,0.0,3686.0,15322.0,0.0,3686.0
250,Montana,Barr; Bob,1355,905316.0,1.0,490302,490302.0,0.0,1355.0,163434.0,0.0,1355.0,30.0,16344.0,0.0,1355.0,15322.0,0.0,1355.0
251,Montana,Baldwin; Chuck,143,905316.0,1.0,490302,490302.0,0.0,143.0,163434.0,0.0,143.0,30.0,16344.0,0.0,143.0,15322.0,0.0,143.0
252,Montana,McKinney; Cynthia Ann,23,905316.0,1.0,490302,490302.0,0.0,23.0,163434.0,0.0,23.0,30.0,16344.0,0.0,23.0,15322.0,0.0,23.0
253,Montana,Heupel; RaeDeen,12,905316.0,1.0,490302,490302.0,0.0,12.0,163434.0,0.0,12.0,30.0,16344.0,0.0,12.0,15322.0,0.0,12.0
254,Montana,Clemente; Rosa A.,10,905316.0,1.0,490302,490302.0,0.0,10.0,163434.0,0.0,10.0,30.0,16344.0,0.0,10.0,15322.0,0.0,10.0
255,Montana,Claus; Santa,3,905316.0,1.0,490302,490302.0,0.0,3.0,163434.0,0.0,3.0,30.0,16344.0,0.0,3.0,15322.0,0.0,3.0
256,Montana,Allen; Jonathan,1,905316.0,1.0,490302,490302.0,0.0,1.0,163434.0,0.0,1.0,30.0,16344.0,0.0,1.0,15322.0,0.0,1.0
257,Montana,Wyatt; Amy Lou,1,905316.0,1.0,490302,490302.0,0.0,1.0,163434.0,0.0,1.0,30.0,16344.0,0.0,1.0,15322.0,0.0,1.0
258,Nebraska,McCain; John,452979,1715369.0,3.0,801281,267094.0,1.0,185885.0,160257.0,2.0,132465.0,57.0,14058.0,32.0,3123.0,13582.0,33.0,4773.0
259,Nebraska,Obama; Barack,333319,1715369.0,3.0,801281,267094.0,1.0,66225.0,160257.0,2.0,12805.0,57.0,14058.0,23.0,9985.0,13582.0,24.0,7351.0
260,Nebraska,Nader; Ralph,5406,1715369.0,3.0,801281,267094.0,0.0,5406.0,160257.0,0.0,5406.0,57.0,14058.0,0.0,5406.0,13582.0,0.0,5406.0
261,Nebraska,Baldwin; Chuck,2972,1715369.0,3.0,801281,267094.0,0.0,2972.0,160257.0,0.0,2972.0,57.0,14058.0,0.0,2972.0,13582.0,0.0,2972.0
262,Nebraska,Scattered,2837,1715369.0,3.0,801281,267094.0,0.0,2837.0,160257.0,0.0,2837.0,57.0,14058.0,0.0,2837.0,13582.0,0.0,2837.0
263,Nebraska,Barr; Bob,2740,1715369.0,3.0,801281,267094.0,0.0,2740.0,160257.0,0.0,2740.0,57.0,14058.0,0.0,2740.0,13582.0,0.0,2740.0
264,Nebraska,McKinney; Cynthia,1028,1715369.0,3.0,801281,267094.0,0.0,1028.0,160257.0,0.0,1028.0,57.0,14058.0,0.0,1028.0,13582.0,0.0,1028.0
265,Nevada,Obama; Barack,533736,2002032.0,3.0,967848,322616.0,1.0,211120.0,193570.0,2.0,146596.0,66.0,14665.0,36.0,5796.0,14234.0,37.0,7078.0
266,Nevada,McCain; John,412827,2002032.0,3.0,967848,322616.0,1.0,90211.0,193570.0,2.0,25687.0,66.0,14665.0,28.0,2207.0,14234.0,29.0,41.0
267,Nevada,None of These Candidates;,6267,2002032.0,3.0,967848,322616.0,0.0,6267.0,193570.0,0.0,6267.0,66.0,14665.0,0.0,6267.0,14234.0,0.0,6267.0
268,Nevada,Nader; Ralph,6150,2002032.0,3.0,967848,322616.0,0.0,6150.0,193570.0,0.0,6150.0,66.0,14665.0,0.0,6150.0,14234.0,0.0,6150.0
269,Nevada,Barr; Bob,4263,2002032.0,3.0,967848,322616.0,0.0,4263.0,193570.0,0.0,4263.0,66.0,14665.0,0.0,4263.0,14234.0,0.0,4263.0
270,Nevada,Baldwin; Chuck,3194,2002032.0,3.0,967848,322616.0,0.0,3194.0,193570.0,0.0,3194.0,66.0,14665.0,0.0,3194.0,14234.0,0.0,3194.0
271,Nevada,McKinney; Cynthia,1411,2002032.0,3.0,967848,322616.0,0.0,1411.0,193570.0,0.0,1411.0,66.0,14665.0,0.0,1411.0,14234.0,0.0,1411.0
272,New Hampshire,Obama; Barack,384826,1238415.0,2.0,710970,355485.0,1.0,29341.0,177743.0,2.0,29340.0,41.0,17341.0,22.0,3324.0,16535.0,23.0,4521.0
273,New Hampshire,McCain; John,316534,1238415.0,2.0,710970,355485.0,0.0,316534.0,177743.0,1.0,138791.0,41.0,17341.0,18.0,4396.0,16535.0,19.0,2369.0
274,New Hampshire,Nader; Ralph,3503,1238415.0,2.0,710970,355485.0,0.0,3503.0,177743.0,0.0,3503.0,41.0,17341.0,0.0,3503.0,16535.0,0.0,3503.0
275,New Hampshire,"""Barr; """"Bob""""""",2217,1238415.0,2.0,710970,355485.0,0.0,2217.0,177743.0,0.0,2217.0,41.0,17341.0,0.0,2217.0,16535.0,0.0,2217.0
276,New Hampshire,Clinton; Hilary,1124,1238415.0,2.0,710970,355485.0,0.0,1124.0,177743.0,0.0,1124.0,41.0,17341.0,0.0,1124.0,16535.0,0.0,1124.0
277,New Hampshire,Paul; Ron,1092,1238415.0,2.0,710970,355485.0,0.0,1092.0,177743.0,0.0,1092.0,41.0,17341.0,0.0,1092.0,16535.0,0.0,1092.0
278,New Hampshire,Others;,673,1238415.0,2.0,710970,355485.0,0.0,673.0,177743.0,0.0,673.0,41.0,17341.0,0.0,673.0,16535.0,0.0,673.0
279,New Hampshire,Phillies; George,531,1238415.0,2.0,710970,355485.0,0.0,531.0,177743.0,0.0,531.0,41.0,17341.0,0.0,531.0,16535.0,0.0,531.0
280,New Hampshire,Baldwin; Chuck,226,1238415.0,2.0,710970,355485.0,0.0,226.0,177743.0,0.0,226.0,41.0,17341.0,0.0,226.0,16535.0,0.0,226.0
281,New Hampshire,Romney; Mitt,112,1238415.0,2.0,710970,355485.0,0.0,112.0,177743.0,0.0,112.0,41.0,17341.0,0.0,112.0,16535.0,0.0,112.0
282,New Hampshire,Huckabee; Mike,61,1238415.0,2.0,710970,355485.0,0.0,61.0,177743.0,0.0,61.0,41.0,17341.0,0.0,61.0,16535.0,0.0,61.0
283,New Hampshire,McKinney; Cynthia,40,1238415.0,2.0,710970,355485.0,0.0,40.0,177743.0,0.0,40.0,41.0,17341.0,0.0,40.0,16535.0,0.0,40.0
284,New Hampshire,Palin; Sarah,18,1238415.0,2.0,710970,355485.0,0.0,18.0,177743.0,0.0,18.0,41.0,17341.0,0.0,18.0,16535.0,0.0,18.0
285,New Hampshire,Clinton; Bill,13,1238415.0,2.0,710970,355485.0,0.0,13.0,177743.0,0.0,13.0,41.0,17341.0,0.0,13.0,16535.0,0.0,13.0
286,New Jersey,Obama; Barack,2215422,8424354.0,13.0,3868237,297557.0,7.0,132523.0,257883.0,8.0,152358.0,280.0,13816.0,160.0,4862.0,13718.0,161.0,6824.0
287,New Jersey,McCain; John,1613207,8424354.0,13.0,3868237,297557.0,5.0,125422.0,257883.0,6.0,65909.0,280.0,13816.0,116.0,10551.0,13718.0,117.0,8201.0
288,New Jersey,Nader; Ralph,21298,8424354.0,13.0,3868237,297557.0,0.0,21298.0,257883.0,0.0,21298.0,280.0,13816.0,1.0,7482.0,13718.0,1.0,7580.0
289,New Jersey,Barr; Bob,8441,8424354.0,13.0,3868237,297557.0,0.0,8441.0,257883.0,0.0,8441.0,280.0,13816.0,0.0,8441.0,13718.0,0.0,8441.0
290,New Jersey,Baldwin; Chuck,3956,8424354.0,13.0,3868237,297557.0,0.0,3956.0,257883.0,0.0,3956.0,280.0,13816.0,0.0,3956.0,13718.0,0.0,3956.0
291,New Jersey,McKinney; Cynthia,3636,8424354.0,13.0,3868237,297557.0,0.0,3636.0,257883.0,0.0,3636.0,280.0,13816.0,0.0,3636.0,13718.0,0.0,3636.0
292,New Jersey,Moore; Brian,699,8424354.0,13.0,3868237,297557.0,0.0,699.0,257883.0,0.0,699.0,280.0,13816.0,0.0,699.0,13718.0,0.0,699.0
293,New Jersey,"""Boss; Jeffrey """"Jeff""""""",639,8424354.0,13.0,3868237,297557.0,0.0,639.0,257883.0,0.0,639.0,280.0,13816.0,0.0,639.0,13718.0,0.0,639.0
294,New Jersey,Calero; Roger,523,8424354.0,13.0,3868237,297557.0,0.0,523.0,257883.0,0.0,523.0,280.0,13816.0,0.0,523.0,13718.0,0.0,523.0
295,New Jersey,La Riva; Gloria,416,8424354.0,13.0,3868237,297557.0,0.0,416.0,257883.0,0.0,416.0,280.0,13816.0,0.0,416.0,13718.0,0.0,416.0
296,New Mexico,Obama; Barack,472422,1823821.0,3.0,830158,276720.0,1.0,195702.0,166032.0,2.0,140358.0,60.0,13836.0,34.0,1998.0,13390.0,35.0,3772.0
297,New Mexico,McCain; John,346832,1823821.0,3.0,830158,276720.0,1.0,70112.0,166032.0,2.0,14768.0,60.0,13836.0,25.0,932.0,13390.0,25.0,12082.0
298,New Mexico,Nader; Ralph,5327,1823821.0,3.0,830158,276720.0,0.0,5327.0,166032.0,0.0,5327.0,60.0,13836.0,0.0,5327.0,13390.0,0.0,5327.0
299,New Mexico,Barr; Bob,2428,1823821.0,3.0,830158,276720.0,0.0,2428.0,166032.0,0.0,2428.0,60.0,13836.0,0.0,2428.0,13390.0,0.0,2428.0
300,New Mexico,Baldwin; Chuck,1597,1823821.0,3.0,830158,276720.0,0.0,1597.0,166032.0,0.0,1597.0,60.0,13836.0,0.0,1597.0,13390.0,0.0,1597.0
301,New Mexico,McKinney; Cynthia,1552,1823821.0,3.0,830158,276720.0,0.0,1552.0,166032.0,0.0,1552.0,60.0,13836.0,0.0,1552.0,13390.0,0.0,1552.0
302,New York,Obama; Barack,4804945,19004973.0,29.0,7640931,263481.0,18.0,62287.0,246482.0,19.0,121787.0,633.0,12071.0,398.0,687.0,12033.0,399.0,3778.0
303,New York,McCain; John,2752771,19004973.0,29.0,7640931,263481.0,10.0,117961.0,246482.0,11.0,41469.0,633.0,12071.0,228.0,583.0,12033.0,228.0,9247.0
304,New York,Nader; Ralph,41249,19004973.0,29.0,7640931,263481.0,0.0,41249.0,246482.0,0.0,41249.0,633.0,12071.0,3.0,5036.0,12033.0,3.0,5150.0
305,New York,Barr; Bob,19596,19004973.0,29.0,7640931,263481.0,0.0,19596.0,246482.0,0.0,19596.0,633.0,12071.0,1.0,7525.0,12033.0,1.0,7563.0
306,New York,McKinney; Cynthia,12801,19004973.0,29.0,7640931,263481.0,0.0,12801.0,246482.0,0.0,12801.0,633.0,12071.0,1.0,730.0,12033.0,1.0,768.0
307,New York,Calero; Roger,3615,19004973.0,29.0,7640931,263481.0,0.0,3615.0,246482.0,0.0,3615.0,633.0,12071.0,0.0,3615.0,12033.0,0.0,3615.0
308,New York,La Riva; Gloria,1639,19004973.0,29.0,7640931,263481.0,0.0,1639.0,246482.0,0.0,1639.0,633.0,12071.0,0.0,1639.0,12033.0,0.0,1639.0
309,New York,Baldwin; Chuck,634,19004973.0,29.0,7640931,263481.0,0.0,634.0,246482.0,0.0,634.0,633.0,12071.0,0.0,634.0,12033.0,0.0,634.0
310,New York,Keyes; Alan Lee,35,19004973.0,29.0,7640931,263481.0,0.0,35.0,246482.0,0.0,35.0,633.0,12071.0,0.0,35.0,12033.0,0.0,35.0
311,New York,White; Jerome S.,18,19004973.0,29.0,7640931,263481.0,0.0,18.0,246482.0,0.0,18.0,633.0,12071.0,0.0,18.0,12033.0,0.0,18.0
312,New York,Moore; Brian,10,19004973.0,29.0,7640931,263481.0,0.0,10.0,246482.0,0.0,10.0,633.0,12071.0,0.0,10.0,12033.0,0.0,10.0
313,New York,Washington; Lanakila,3,19004973.0,29.0,7640931,263481.0,0.0,3.0,246482.0,0.0,3.0,633.0,12071.0,0.0,3.0,12033.0,0.0,3.0
314,New York,Allen; Jonathan,1,19004973.0,29.0,7640931,263481.0,0.0,1.0,246482.0,0.0,1.0,633.0,12071.0,0.0,1.0,12033.0,0.0,1.0
315,New York,Skok; Michael,1,19004973.0,29.0,7640931,263481.0,0.0,1.0,246482.0,0.0,1.0,633.0,12071.0,0.0,1.0,12033.0,0.0,1.0
316,New York,Scattered,3613,19004973.0,29.0,7640931,263481.0,0.0,3613.0,246482.0,0.0,3613.0,633.0,12071.0,0.0,3613.0,12033.0,0.0,3613.0
317,North Carolina,Obama; Barack,2142651,8067673.0,13.0,4310789,331600.0,6.0,153051.0,287386.0,7.0,130949.0,268.0,16086.0,133.0,3213.0,15966.0,134.0,3207.0
318,North Carolina,McCain; John,2128474,8067673.0,13.0,4310789,331600.0,6.0,138874.0,287386.0,7.0,116772.0,268.0,16086.0,132.0,5122.0,15966.0,133.0,4996.0
319,North Carolina,Barr; Bob,25722,8067673.0,13.0,4310789,331600.0,0.0,25722.0,287386.0,0.0,25722.0,268.0,16086.0,1.0,9636.0,15966.0,1.0,9756.0
320,North Carolina,Scattered,12298,8067673.0,13.0,4310789,331600.0,0.0,12298.0,287386.0,0.0,12298.0,268.0,16086.0,0.0,12298.0,15966.0,0.0,12298.0
321,North Carolina,Nader; Ralph,1448,8067673.0,13.0,4310789,331600.0,0.0,1448.0,287386.0,0.0,1448.0,268.0,16086.0,0.0,1448.0,15966.0,0.0,1448.0
322,North Carolina,McKinney; Cynthia,158,8067673.0,13.0,4310789,331600.0,0.0,158.0,287386.0,0.0,158.0,268.0,16086.0,0.0,158.0,15966.0,0.0,158.0
323,North Carolina,Moore; Brian,38,8067673.0,13.0,4310789,331600.0,0.0,38.0,287386.0,0.0,38.0,268.0,16086.0,0.0,38.0,15966.0,0.0,38.0
324,North Dakota,McCain; John,168601,643756.0,1.0,316621,316621.0,0.0,168601.0,105541.0,1.0,63060.0,21.0,15078.0,11.0,2743.0,13767.0,12.0,3397.0
325,North Dakota,Obama; Barack,141278,643756.0,1.0,316621,316621.0,0.0,141278.0,105541.0,1.0,35737.0,21.0,15078.0,9.0,5576.0,13767.0,10.0,3608.0
326,North Dakota,Nader; Ralph,4189,643756.0,1.0,316621,316621.0,0.0,4189.0,105541.0,0.0,4189.0,21.0,15078.0,0.0,4189.0,13767.0,0.0,4189.0
327,North Dakota,Barr; Bob,1354,643756.0,1.0,316621,316621.0,0.0,1354.0,105541.0,0.0,1354.0,21.0,15078.0,0.0,1354.0,13767.0,0.0,1354.0
328,North Dakota,Baldwin; Chuck,1199,643756.0,1.0,316621,316621.0,0.0,1199.0,105541.0,0.0,1199.0,21.0,15078.0,0.0,1199.0,13767.0,0.0,1199.0
329,Ohio,Obama; Barack,2940044,11374540.0,18.0,5708350,317131.0,9.0,85865.0,285418.0,10.0,85864.0,379.0,15062.0,195.0,2954.0,14983.0,196.0,3376.0
330,Ohio,McCain; John,2677820,11374540.0,18.0,5708350,317131.0,8.0,140772.0,285418.0,9.0,109058.0,379.0,15062.0,177.0,11846.0,14983.0,178.0,10846.0
331,Ohio,Nader; Ralph,42337,11374540.0,18.0,5708350,317131.0,0.0,42337.0,285418.0,0.0,42337.0,379.0,15062.0,2.0,12213.0,14983.0,2.0,12371.0
332,Ohio,Barr; Bob,19917,11374540.0,18.0,5708350,317131.0,0.0,19917.0,285418.0,0.0,19917.0,379.0,15062.0,1.0,4855.0,14983.0,1.0,4934.0
333,Ohio,Baldwin; Chuck,12565,11374540.0,18.0,5708350,317131.0,0.0,12565.0,285418.0,0.0,12565.0,379.0,15062.0,0.0,12565.0,14983.0,0.0,12565.0
334,Ohio,McKinney; Cynthia,8518,11374540.0,18.0,5708350,317131.0,0.0,8518.0,285418.0,0.0,8518.0,379.0,15062.0,0.0,8518.0,14983.0,0.0,8518.0
335,Ohio,Duncan; Richard,3905,11374540.0,18.0,5708350,317131.0,0.0,3905.0,285418.0,0.0,3905.0,379.0,15062.0,0.0,3905.0,14983.0,0.0,3905.0
336,Ohio,Moore; Brian,2735,11374540.0,18.0,5708350,317131.0,0.0,2735.0,285418.0,0.0,2735.0,379.0,15062.0,0.0,2735.0,14983.0,0.0,2735.0
337,Ohio,Allen; Donald K.,212,11374540.0,18.0,5708350,317131.0,0.0,212.0,285418.0,0.0,212.0,379.0,15062.0,0.0,212.0,14983.0,0.0,212.0
338,Ohio,Keyes; Alan L.,160,11374540.0,18.0,5708350,317131.0,0.0,160.0,285418.0,0.0,160.0,379.0,15062.0,0.0,160.0,14983.0,0.0,160.0
339,Ohio,Schriner; Joe,71,11374540.0,18.0,5708350,317131.0,0.0,71.0,285418.0,0.0,71.0,379.0,15062.0,0.0,71.0,14983.0,0.0,71.0
340,Ohio,Robertson; Platt,63,11374540.0,18.0,5708350,317131.0,0.0,63.0,285418.0,0.0,63.0,379.0,15062.0,0.0,63.0,14983.0,0.0,63.0
341,Ohio,Allen; Jonathan,2,11374540.0,18.0,5708350,317131.0,0.0,2.0,285418.0,0.0,2.0,379.0,15062.0,0.0,2.0,14983.0,0.0,2.0
342,Ohio,Germalic; James R.,1,11374540.0,18.0,5708350,317131.0,0.0,1.0,285418.0,0.0,1.0,379.0,15062.0,0.0,1.0,14983.0,0.0,1.0
343,Oklahoma,McCain; John,960165,3458819.0,5.0,1462661,292533.0,3.0,82566.0,208952.0,4.0,124357.0,115.0,12719.0,75.0,6240.0,12502.0,76.0,10013.0
344,Oklahoma,Obama; Barack,502496,3458819.0,5.0,1462661,292533.0,1.0,209963.0,208952.0,2.0,84592.0,115.0,12719.0,39.0,6455.0,12502.0,40.0,2416.0
345,Oregon,Obama; Barack,1037291,3428543.0,5.0,1827864,365573.0,2.0,306145.0,261124.0,3.0,253919.0,114.0,16034.0,64.0,11115.0,15758.0,65.0,13021.0
346,Oregon,McCain; John,738475,3428543.0,5.0,1827864,365573.0,2.0,7329.0,261124.0,2.0,216227.0,114.0,16034.0,46.0,911.0,15758.0,46.0,13607.0
347,Oregon,Nader; Ralph,18614,3428543.0,5.0,1827864,365573.0,0.0,18614.0,261124.0,0.0,18614.0,114.0,16034.0,1.0,2580.0,15758.0,1.0,2856.0
348,Oregon,Scattered,13613,3428543.0,5.0,1827864,365573.0,0.0,13613.0,261124.0,0.0,13613.0,114.0,16034.0,0.0,13613.0,15758.0,0.0,13613.0
349,Oregon,Baldwin; Chuck,7693,3428543.0,5.0,1827864,365573.0,0.0,7693.0,261124.0,0.0,7693.0,114.0,16034.0,0.0,7693.0,15758.0,0.0,7693.0
350,Oregon,Barr; Bob,7635,3428543.0,5.0,1827864,365573.0,0.0,7635.0,261124.0,0.0,7635.0,114.0,16034.0,0.0,7635.0,15758.0,0.0,7635.0
351,Oregon,McKinney; Cynthia,4543,3428543.0,5.0,1827864,365573.0,0.0,4543.0,261124.0,0.0,4543.0,114.0,16034.0,0.0,4543.0,15758.0,0.0,4543.0
352,Pennsylvania,Obama; Barack,3276363,12300670.0,19.0,6013272,316488.0,10.0,111483.0,286347.0,11.0,126546.0,410.0,14667.0,223.0,5622.0,14596.0,224.0,6859.0
353,Pennsylvania,McCain; John,2655885,12300670.0,19.0,6013272,316488.0,8.0,123981.0,286347.0,9.0,78762.0,410.0,14667.0,181.0,1158.0,14596.0,181.0,14009.0
354,Pennsylvania,Nader; Ralph,42977,12300670.0,19.0,6013272,316488.0,0.0,42977.0,286347.0,0.0,42977.0,410.0,14667.0,2.0,13643.0,14596.0,2.0,13785.0
355,Pennsylvania,Barr; Bob,19912,12300670.0,19.0,6013272,316488.0,0.0,19912.0,286347.0,0.0,19912.0,410.0,14667.0,1.0,5245.0,14596.0,1.0,5316.0
356,Pennsylvania,Scattered,8180,12300670.0,19.0,6013272,316488.0,0.0,8180.0,286347.0,0.0,8180.0,410.0,14667.0,0.0,8180.0,14596.0,0.0,8180.0
357,Pennsylvania,Clinton; Hillary,5014,12300670.0,19.0,6013272,316488.0,0.0,5014.0,286347.0,0.0,5014.0,410.0,14667.0,0.0,5014.0,14596.0,0.0,5014.0
358,Pennsylvania,Paul; Ron,3849,12300670.0,19.0,6013272,316488.0,0.0,3849.0,286347.0,0.0,3849.0,410.0,14667.0,0.0,3849.0,14596.0,0.0,3849.0
359,Pennsylvania,Baldwin; Chuck,1092,12300670.0,19.0,6013272,316488.0,0.0,1092.0,286347.0,0.0,1092.0,410.0,14667.0,0.0,1092.0,14596.0,0.0,1092.0
360,Rhode Island,Obama; Barack,296571,1049662.0,2.0,471766,235883.0,1.0,60688.0,117942.0,2.0,60687.0,34.0,13876.0,21.0,5175.0,13105.0,22.0,8261.0
361,Rhode Island,McCain; John,165391,1049662.0,2.0,471766,235883.0,0.0,165391.0,117942.0,1.0,47449.0,34.0,13876.0,11.0,12755.0,13105.0,12.0,8131.0
362,Rhode Island,Nader; Ralph,4829,1049662.0,2.0,471766,235883.0,0.0,4829.0,117942.0,0.0,4829.0,34.0,13876.0,0.0,4829.0,13105.0,0.0,4829.0
363,Rhode Island,Barr; Bob,1382,1049662.0,2.0,471766,235883.0,0.0,1382.0,117942.0,0.0,1382.0,34.0,13876.0,0.0,1382.0,13105.0,0.0,1382.0
364,Rhode Island,McKinney; Cynthia,797,1049662.0,2.0,471766,235883.0,0.0,797.0,117942.0,0.0,797.0,34.0,13876.0,0.0,797.0,13105.0,0.0,797.0
365,Rhode Island,Baldwin; Chuck,675,1049662.0,2.0,471766,235883.0,0.0,675.0,117942.0,0.0,675.0,34.0,13876.0,0.0,675.0,13105.0,0.0,675.0
366,Rhode Island,Scattered,667,1049662.0,2.0,471766,235883.0,0.0,667.0,117942.0,0.0,667.0,34.0,13876.0,0.0,667.0,13105.0,0.0,667.0
367,Rhode Island,Clinton; Hillary,655,1049662.0,2.0,471766,235883.0,0.0,655.0,117942.0,0.0,655.0,34.0,13876.0,0.0,655.0,13105.0,0.0,655.0
368,Rhode Island,Paul; Ron,472,1049662.0,2.0,471766,235883.0,0.0,472.0,117942.0,0.0,472.0,34.0,13876.0,0.0,472.0,13105.0,0.0,472.0
369,Rhode Island,La Riva; Gloria,122,1049662.0,2.0,471766,235883.0,0.0,122.0,117942.0,0.0,122.0,34.0,13876.0,0.0,122.0,13105.0,0.0,122.0
370,Rhode Island,No Vote;,43,1049662.0,2.0,471766,235883.0,0.0,43.0,117942.0,0.0,43.0,34.0,13876.0,0.0,43.0,13105.0,0.0,43.0
371,Rhode Island,Huckabee; Mike,34,1049662.0,2.0,471766,235883.0,0.0,34.0,117942.0,0.0,34.0,34.0,13876.0,0.0,34.0,13105.0,0.0,34.0
372,Rhode Island,Romney; Mitt,25,1049662.0,2.0,471766,235883.0,0.0,25.0,117942.0,0.0,25.0,34.0,13876.0,0.0,25.0,13105.0,0.0,25.0
373,Rhode Island,Gore; Al,15,1049662.0,2.0,471766,235883.0,0.0,15.0,117942.0,0.0,15.0,34.0,13876.0,0.0,15.0,13105.0,0.0,15.0
374,Rhode Island,Powell; Colin,14,1049662.0,2.0,471766,235883.0,0.0,14.0,117942.0,0.0,14.0,34.0,13876.0,0.0,14.0,13105.0,0.0,14.0
375,Rhode Island,Mouse; Mickey,11,1049662.0,2.0,471766,235883.0,0.0,11.0,117942.0,0.0,11.0,34.0,13876.0,0.0,11.0,13105.0,0.0,11.0
376,Rhode Island,None of Above;,11,1049662.0,2.0,471766,235883.0,0.0,11.0,117942.0,0.0,11.0,34.0,13876.0,0.0,11.0,13105.0,0.0,11.0
377,Rhode Island,Colbert; Stephen,8,1049662.0,2.0,471766,235883.0,0.0,8.0,117942.0,0.0,8.0,34.0,13876.0,0.0,8.0,13105.0,0.0,8.0
378,Rhode Island,Jesus;,7,1049662.0,2.0,471766,235883.0,0.0,7.0,117942.0,0.0,7.0,34.0,13876.0,0.0,7.0,13105.0,0.0,7.0
379,Rhode Island,Bloomberg; Michael,6,1049662.0,2.0,471766,235883.0,0.0,6.0,117942.0,0.0,6.0,34.0,13876.0,0.0,6.0,13105.0,0.0,6.0
380,Rhode Island,Clinton; Bill,6,1049662.0,2.0,471766,235883.0,0.0,6.0,117942.0,0.0,6.0,34.0,13876.0,0.0,6.0,13105.0,0.0,6.0
381,Rhode Island,Cianci; Buddy,5,1049662.0,2.0,471766,235883.0,0.0,5.0,117942.0,0.0,5.0,34.0,13876.0,0.0,5.0,13105.0,0.0,5.0
382,Rhode Island,Keyes; Alan,5,1049662.0,2.0,471766,235883.0,0.0,5.0,117942.0,0.0,5.0,34.0,13876.0,0.0,5.0,13105.0,0.0,5.0
383,Rhode Island,Kucinich; Dennis,5,1049662.0,2.0,471766,235883.0,0.0,5.0,117942.0,0.0,5.0,34.0,13876.0,0.0,5.0,13105.0,0.0,5.0
384,Rhode Island,Plumber; Joe the,5,1049662.0,2.0,471766,235883.0,0.0,5.0,117942.0,0.0,5.0,34.0,13876.0,0.0,5.0,13105.0,0.0,5.0
385,Rhode Island,Ventura; Jessie,5,1049662.0,2.0,471766,235883.0,0.0,5.0,117942.0,0.0,5.0,34.0,13876.0,0.0,5.0,13105.0,0.0,5.0
386,South Carolina,McCain; John,1034896,4025061.0,6.0,1920969,320162.0,3.0,74410.0,240122.0,4.0,74408.0,134.0,14336.0,72.0,2704.0,14125.0,73.0,3771.0
387,South Carolina,Obama; Barack,862449,4025061.0,6.0,1920969,320162.0,2.0,222125.0,240122.0,3.0,142083.0,134.0,14336.0,60.0,2289.0,14125.0,61.0,824.0
388,South Carolina,Barr; Bob,7283,4025061.0,6.0,1920969,320162.0,0.0,7283.0,240122.0,0.0,7283.0,134.0,14336.0,0.0,7283.0,14125.0,0.0,7283.0
389,South Carolina,Baldwin; Chuck,6827,4025061.0,6.0,1920969,320162.0,0.0,6827.0,240122.0,0.0,6827.0,134.0,14336.0,0.0,6827.0,14125.0,0.0,6827.0
390,South Carolina,Nader; Ralph,5053,4025061.0,6.0,1920969,320162.0,0.0,5053.0,240122.0,0.0,5053.0,134.0,14336.0,0.0,5053.0,14125.0,0.0,5053.0
391,South Carolina,McKinney; Cynthia,4461,4025061.0,6.0,1920969,320162.0,0.0,4461.0,240122.0,0.0,4461.0,134.0,14336.0,0.0,4461.0,14125.0,0.0,4461.0
392,South Dakota,McCain; John,203054,756874.0,1.0,381975,381975.0,0.0,203054.0,127325.0,1.0,75729.0,25.0,15279.0,13.0,4427.0,14148.0,14.0,4982.0
393,South Dakota,Obama; Barack,170924,756874.0,1.0,381975,381975.0,0.0,170924.0,127325.0,1.0,43599.0,25.0,15279.0,11.0,2855.0,14148.0,12.0,1148.0
394,South Dakota,Nader; Ralph,4267,756874.0,1.0,381975,381975.0,0.0,4267.0,127325.0,0.0,4267.0,25.0,15279.0,0.0,4267.0,14148.0,0.0,4267.0
395,South Dakota,Baldwin; Chuck,1895,756874.0,1.0,381975,381975.0,0.0,1895.0,127325.0,0.0,1895.0,25.0,15279.0,0.0,1895.0,14148.0,0.0,1895.0
396,South Dakota,Barr; Bob,1835,756874.0,1.0,381975,381975.0,0.0,1835.0,127325.0,0.0,1835.0,25.0,15279.0,0.0,1835.0,14148.0,0.0,1835.0
397,Tennessee,McCain; John,1479178,5700037.0,9.0,2599749,288861.0,5.0,34873.0,236341.0,6.0,61132.0,190.0,13683.0,108.0,1414.0,13541.0,109.0,3209.0
398,Tennessee,Obama; Barack,1087437,5700037.0,9.0,2599749,288861.0,3.0,220854.0,236341.0,4.0,142073.0,190.0,13683.0,79.0,6480.0,13541.0,80.0,4157.0
399,Tennessee,Nader; Ralph,11560,5700037.0,9.0,2599749,288861.0,0.0,11560.0,236341.0,0.0,11560.0,190.0,13683.0,0.0,11560.0,13541.0,0.0,11560.0
400,Tennessee,Barr; Bob,8547,5700037.0,9.0,2599749,288861.0,0.0,8547.0,236341.0,0.0,8547.0,190.0,13683.0,0.0,8547.0,13541.0,0.0,8547.0
401,Tennessee,Baldwin; Chuck,8191,5700037.0,9.0,2599749,288861.0,0.0,8191.0,236341.0,0.0,8191.0,190.0,13683.0,0.0,8191.0,13541.0,0.0,8191.0
402,Tennessee,McKinney; Cynthia,2499,5700037.0,9.0,2599749,288861.0,0.0,2499.0,236341.0,0.0,2499.0,190.0,13683.0,0.0,2499.0,13541.0,0.0,2499.0
403,Tennessee,Moore; Brian,1326,5700037.0,9.0,2599749,288861.0,0.0,1326.0,236341.0,0.0,1326.0,190.0,13683.0,0.0,1326.0,13541.0,0.0,1326.0
404,Tennessee,Jay; Charles,1011,5700037.0,9.0,2599749,288861.0,0.0,1011.0,236341.0,0.0,1011.0,190.0,13683.0,0.0,1011.0,13541.0,0.0,1011.0
405,Texas,McCain; John,4479328,20903994.0,32.0,8077795,252432.0,17.0,187984.0,237583.0,18.0,202834.0,696.0,11607.0,385.0,10633.0,11573.0,387.0,577.0
406,Texas,Obama; Barack,3528633,20903994.0,32.0,8077795,252432.0,13.0,247017.0,237583.0,14.0,202471.0,696.0,11607.0,304.0,105.0,11573.0,304.0,10441.0
407,Texas,Barr; Bob,56116,20903994.0,32.0,8077795,252432.0,0.0,56116.0,237583.0,0.0,56116.0,696.0,11607.0,4.0,9688.0,11573.0,4.0,9824.0
408,Texas,Nader; Ralph,5751,20903994.0,32.0,8077795,252432.0,0.0,5751.0,237583.0,0.0,5751.0,696.0,11607.0,0.0,5751.0,11573.0,0.0,5751.0
409,Texas,Baldwin; Chuck,5708,20903994.0,32.0,8077795,252432.0,0.0,5708.0,237583.0,0.0,5708.0,696.0,11607.0,0.0,5708.0,11573.0,0.0,5708.0
410,Texas,Keyes; Alan,895,20903994.0,32.0,8077795,252432.0,0.0,895.0,237583.0,0.0,895.0,696.0,11607.0,0.0,895.0,11573.0,0.0,895.0
411,Texas,McKinney; Cynthia,909,20903994.0,32.0,8077795,252432.0,0.0,909.0,237583.0,0.0,909.0,696.0,11607.0,0.0,909.0,11573.0,0.0,909.0
412,Texas,Hill; Thaddaus,216,20903994.0,32.0,8077795,252432.0,0.0,216.0,237583.0,0.0,216.0,696.0,11607.0,0.0,216.0,11573.0,0.0,216.0
413,Texas,Moore; Brian,135,20903994.0,32.0,8077795,252432.0,0.0,135.0,237583.0,0.0,135.0,696.0,11607.0,0.0,135.0,11573.0,0.0,135.0
414,Texas,Allen; Jonathan,104,20903994.0,32.0,8077795,252432.0,0.0,104.0,237583.0,0.0,104.0,696.0,11607.0,0.0,104.0,11573.0,0.0,104.0
415,Utah,McCain; John,596030,2236714.0,3.0,952370,317457.0,1.0,278573.0,190474.0,3.0,24608.0,74.0,12870.0,46.0,4010.0,12532.0,47.0,7026.0
416,Utah,Obama; Barack,327670,2236714.0,3.0,952370,317457.0,1.0,10213.0,190474.0,1.0,137196.0,74.0,12870.0,25.0,5920.0,12532.0,26.0,1838.0
417,Utah,"""Baldwin; Charles O. """"Chuck""""""",12012,2236714.0,3.0,952370,317457.0,0.0,12012.0,190474.0,0.0,12012.0,74.0,12870.0,0.0,12012.0,12532.0,0.0,12012.0
418,Utah,Nader; Ralph,8416,2236714.0,3.0,952370,317457.0,0.0,8416.0,190474.0,0.0,8416.0,74.0,12870.0,0.0,8416.0,12532.0,0.0,8416.0
419,Utah,Barr; Bob,6966,2236714.0,3.0,952370,317457.0,0.0,6966.0,190474.0,0.0,6966.0,74.0,12870.0,0.0,6966.0,12532.0,0.0,6966.0
420,Utah,McKinney; Cynthia,982,2236714.0,3.0,952370,317457.0,0.0,982.0,190474.0,0.0,982.0,74.0,12870.0,0.0,982.0,12532.0,0.0,982.0
421,Utah,La Riva; Gloria,262,2236714.0,3.0,952370,317457.0,0.0,262.0,190474.0,0.0,262.0,74.0,12870.0,0.0,262.0,12532.0,0.0,262.0
422,Utah,Keyes; Alan,25,2236714.0,3.0,952370,317457.0,0.0,25.0,190474.0,0.0,25.0,74.0,12870.0,0.0,25.0,12532.0,0.0,25.0
423,Utah,Moore; Frank,3,2236714.0,3.0,952370,317457.0,0.0,3.0,190474.0,0.0,3.0,74.0,12870.0,0.0,3.0,12532.0,0.0,3.0
424,Utah,Allen; Jonathan,2,2236714.0,3.0,952370,317457.0,0.0,2.0,190474.0,0.0,2.0,74.0,12870.0,0.0,2.0,12532.0,0.0,2.0
425,Utah,Jay; Charles,1,2236714.0,3.0,952370,317457.0,0.0,1.0,190474.0,0.0,1.0,74.0,12870.0,0.0,1.0,12532.0,0.0,1.0
426,Utah,Sponheim; David Jon,1,2236714.0,3.0,952370,317457.0,0.0,1.0,190474.0,0.0,1.0,74.0,12870.0,0.0,1.0,12532.0,0.0,1.0
427,Vermont,Obama; Barack,219262,609890.0,1.0,325046,325046.0,0.0,219262.0,108349.0,2.0,2564.0,20.0,16253.0,13.0,7973.0,14775.0,14.0,12412.0
428,Vermont,McCain; John,98974,609890.0,1.0,325046,325046.0,0.0,98974.0,108349.0,0.0,98974.0,20.0,16253.0,6.0,1456.0,14775.0,6.0,10324.0
429,Vermont,Nader; Ralph,3339,609890.0,1.0,325046,325046.0,0.0,3339.0,108349.0,0.0,3339.0,20.0,16253.0,0.0,3339.0,14775.0,0.0,3339.0
430,Vermont,Scattered,1398,609890.0,1.0,325046,325046.0,0.0,1398.0,108349.0,0.0,1398.0,20.0,16253.0,0.0,1398.0,14775.0,0.0,1398.0
431,Vermont,Barr; Bob,1067,609890.0,1.0,325046,325046.0,0.0,1067.0,108349.0,0.0,1067.0,20.0,16253.0,0.0,1067.0,14775.0,0.0,1067.0
432,Vermont,Baldwin; Chuck,500,609890.0,1.0,325046,325046.0,0.0,500.0,108349.0,0.0,500.0,20.0,16253.0,0.0,500.0,14775.0,0.0,500.0
433,Vermont,Calero; Roger,150,609890.0,1.0,325046,325046.0,0.0,150.0,108349.0,0.0,150.0,20.0,16253.0,0.0,150.0,14775.0,0.0,150.0
434,Vermont,La Riva; Gloria,149,609890.0,1.0,325046,325046.0,0.0,149.0,108349.0,0.0,149.0,20.0,16253.0,0.0,149.0,14775.0,0.0,149.0
435,Vermont,Moore; Brian,141,609890.0,1.0,325046,325046.0,0.0,141.0,108349.0,0.0,141.0,20.0,16253.0,0.0,141.0,14775.0,0.0,141.0
436,Vermont,McKinney; Cynthia,66,609890.0,1.0,325046,325046.0,0.0,66.0,108349.0,0.0,66.0,20.0,16253.0,0.0,66.0,14775.0,0.0,66.0
437,Virginia,Obama; Barack,1959532,7100702.0,11.0,3723260,338479.0,5.0,267137.0,286405.0,6.0,241102.0,236.0,15777.0,124.0,3184.0,15644.0,125.0,4032.0
438,Virginia,McCain; John,1725005,7100702.0,11.0,3723260,338479.0,5.0,32610.0,286405.0,6.0,6575.0,236.0,15777.0,109.0,5312.0,15644.0,110.0,4165.0
439,Virginia,Nader; Ralph,11483,7100702.0,11.0,3723260,338479.0,0.0,11483.0,286405.0,0.0,11483.0,236.0,15777.0,0.0,11483.0,15644.0,0.0,11483.0
440,Virginia,Barr; Bob,11067,7100702.0,11.0,3723260,338479.0,0.0,11067.0,286405.0,0.0,11067.0,236.0,15777.0,0.0,11067.0,15644.0,0.0,11067.0
441,Virginia,Baldwin; Chuck,7474,7100702.0,11.0,3723260,338479.0,0.0,7474.0,286405.0,0.0,7474.0,236.0,15777.0,0.0,7474.0,15644.0,0.0,7474.0
442,Virginia,Scattered,6355,7100702.0,11.0,3723260,338479.0,0.0,6355.0,286405.0,0.0,6355.0,236.0,15777.0,0.0,6355.0,15644.0,0.0,6355.0
443,Virginia,McKinney; Cynthia,2344,7100702.0,11.0,3723260,338479.0,0.0,2344.0,286405.0,0.0,2344.0,236.0,15777.0,0.0,2344.0,15644.0,0.0,2344.0
444,Washington,Obama; Barack,1750848,5908684.0,9.0,3036878,337431.0,5.0,63693.0,276080.0,6.0,94368.0,196.0,15495.0,112.0,15408.0,15338.0,114.0,2316.0
445,Washington,McCain; John,1229216,5908684.0,9.0,3036878,337431.0,3.0,216923.0,276080.0,4.0,124896.0,196.0,15495.0,79.0,5111.0,15338.0,80.0,2176.0
446,Washington,Nader; Ralph,29489,5908684.0,9.0,3036878,337431.0,0.0,29489.0,276080.0,0.0,29489.0,196.0,15495.0,1.0,13994.0,15338.0,1.0,14151.0
447,Washington,Barr; Bob,12728,5908684.0,9.0,3036878,337431.0,0.0,12728.0,276080.0,0.0,12728.0,196.0,15495.0,0.0,12728.0,15338.0,0.0,12728.0
448,Washington,Baldwin; Chuck,9432,5908684.0,9.0,3036878,337431.0,0.0,9432.0,276080.0,0.0,9432.0,196.0,15495.0,0.0,9432.0,15338.0,0.0,9432.0
449,Washington,McKinney; Cynthia,3819,5908684.0,9.0,3036878,337431.0,0.0,3819.0,276080.0,0.0,3819.0,196.0,15495.0,0.0,3819.0,15338.0,0.0,3819.0
450,Washington,La Riva; Gloria,705,5908684.0,9.0,3036878,337431.0,0.0,705.0,276080.0,0.0,705.0,196.0,15495.0,0.0,705.0,15338.0,0.0,705.0
451,Washington,Harris; James E.,641,5908684.0,9.0,3036878,337431.0,0.0,641.0,276080.0,0.0,641.0,196.0,15495.0,0.0,641.0,15338.0,0.0,641.0
452,West Virginia,McCain; John Sidney; III,397466,1813077.0,3.0,713451,237817.0,1.0,159649.0,142691.0,2.0,112084.0,60.0,11891.0,33.0,5063.0,11508.0,34.0,6194.0
453,West Virginia,Obama; Barack Hussein,303857,1813077.0,3.0,713451,237817.0,1.0,66040.0,142691.0,2.0,18475.0,60.0,11891.0,25.0,6582.0,11508.0,26.0,4649.0
454,West Virginia,Nader; Ralph,7219,1813077.0,3.0,713451,237817.0,0.0,7219.0,142691.0,0.0,7219.0,60.0,11891.0,0.0,7219.0,11508.0,0.0,7219.0
455,West Virginia,Baldwin; Charles Obadiah,2465,1813077.0,3.0,713451,237817.0,0.0,2465.0,142691.0,0.0,2465.0,60.0,11891.0,0.0,2465.0,11508.0,0.0,2465.0
456,West Virginia,McKinney; Cynthia Ann,2355,1813077.0,3.0,713451,237817.0,0.0,2355.0,142691.0,0.0,2355.0,60.0,11891.0,0.0,2355.0,11508.0,0.0,2355.0
457,West Virginia,Claus; Santa,59,1813077.0,3.0,713451,237817.0,0.0,59.0,142691.0,0.0,59.0,60.0,11891.0,0.0,59.0,11508.0,0.0,59.0
458,West Virginia,Rice; David L.,18,1813077.0,3.0,713451,237817.0,0.0,18.0,142691.0,0.0,18.0,60.0,11891.0,0.0,18.0,11508.0,0.0,18.0
459,West Virginia,Allen; Donald K.,4,1813077.0,3.0,713451,237817.0,0.0,4.0,142691.0,0.0,4.0,60.0,11891.0,0.0,4.0,11508.0,0.0,4.0
460,West Virginia,Brown; Robert,3,1813077.0,3.0,713451,237817.0,0.0,3.0,142691.0,0.0,3.0,60.0,11891.0,0.0,3.0,11508.0,0.0,3.0
461,West Virginia,"""Railey; Charles G. """"Bud""""""",3,1813077.0,3.0,713451,237817.0,0.0,3.0,142691.0,0.0,3.0,60.0,11891.0,0.0,3.0,11508.0,0.0,3.0
462,West Virginia,Hobbs; Ron,1,1813077.0,3.0,713451,237817.0,0.0,1.0,142691.0,0.0,1.0,60.0,11891.0,0.0,1.0,11508.0,0.0,1.0
463,West Virginia,Moore; Frank,1,1813077.0,3.0,713451,237817.0,0.0,1.0,142691.0,0.0,1.0,60.0,11891.0,0.0,1.0,11508.0,0.0,1.0
464,Wisconsin,Obama; Barack,1677211,5371210.0,8.0,2983417,372928.0,4.0,185499.0,298342.0,5.0,185501.0,179.0,16668.0,100.0,10411.0,16483.0,101.0,12428.0
465,Wisconsin,McCain; John,1262393,5371210.0,8.0,2983417,372928.0,3.0,143609.0,298342.0,4.0,69025.0,179.0,16668.0,75.0,12293.0,16483.0,76.0,9685.0
466,Wisconsin,Nader; Ralph,17605,5371210.0,8.0,2983417,372928.0,0.0,17605.0,298342.0,0.0,17605.0,179.0,16668.0,1.0,937.0,16483.0,1.0,1122.0
467,Wisconsin,Barr; Bob,8858,5371210.0,8.0,2983417,372928.0,0.0,8858.0,298342.0,0.0,8858.0,179.0,16668.0,0.0,8858.0,16483.0,0.0,8858.0
468,Wisconsin,Scattered,6521,5371210.0,8.0,2983417,372928.0,0.0,6521.0,298342.0,0.0,6521.0,179.0,16668.0,0.0,6521.0,16483.0,0.0,6521.0
469,Wisconsin,Baldwin; Chuck,5072,5371210.0,8.0,2983417,372928.0,0.0,5072.0,298342.0,0.0,5072.0,179.0,16668.0,0.0,5072.0,16483.0,0.0,5072.0
470,Wisconsin,McKinney; Cynthia,4216,5371210.0,8.0,2983417,372928.0,0.0,4216.0,298342.0,0.0,4216.0,179.0,16668.0,0.0,4216.0,16483.0,0.0,4216.0
471,Wisconsin,Wamboldt; Jeffrey J.,764,5371210.0,8.0,2983417,372928.0,0.0,764.0,298342.0,0.0,764.0,179.0,16668.0,0.0,764.0,16483.0,0.0,764.0
472,Wisconsin,Moore; Brian,540,5371210.0,8.0,2983417,372928.0,0.0,540.0,298342.0,0.0,540.0,179.0,16668.0,0.0,540.0,16483.0,0.0,540.0
473,Wisconsin,La Riva; Gloria,237,5371210.0,8.0,2983417,372928.0,0.0,237.0,298342.0,0.0,237.0,179.0,16668.0,0.0,237.0,16483.0,0.0,237.0
474,Wyoming,McCain; John,164958,495304.0,1.0,254658,254658.0,0.0,164958.0,84886.0,1.0,80072.0,16.0,15917.0,10.0,5788.0,14148.0,11.0,9330.0
475,Wyoming,Obama; Barack,82868,495304.0,1.0,254658,254658.0,0.0,82868.0,84886.0,0.0,82868.0,16.0,15917.0,5.0,3283.0,14148.0,5.0,12128.0
476,Wyoming,Nader; Ralph,2525,495304.0,1.0,254658,254658.0,0.0,2525.0,84886.0,0.0,2525.0,16.0,15917.0,0.0,2525.0,14148.0,0.0,2525.0
477,Wyoming,Barr; Bob,1594,495304.0,1.0,254658,254658.0,0.0,1594.0,84886.0,0.0,1594.0,16.0,15917.0,0.0,1594.0,14148.0,0.0,1594.0
478,Wyoming,Scattered,1521,495304.0,1.0,254658,254658.0,0.0,1521.0,84886.0,0.0,1521.0,16.0,15917.0,0.0,1521.0,14148.0,0.0,1521.0
479,Wyoming,Baldwin; Chuck,1192,495304.0,1.0,254658,254658.0,0.0,1192.0,84886.0,0.0,1192.0,16.0,15917.0,0.0,1192.0,14148.0,0.0,1192.0
